grupo,qtde_inscritos,qtde_vagas,nome_curso,ano
 1, 766, 13,Administração - Noturno - Manaus,2020
 2, 882, 9,Administração - Noturno - Manaus,2020
 3, 948, 5,Administração - Noturno - Manaus,2020
 8, 18, 2,Administração - Noturno - Manaus,2020
 9, 5, 3,Administração - Noturno - Manaus,2020
 1, 684, 13,Administração - Vespertino - Manaus,2020
 2, 814, 9,Administração - Vespertino - Manaus,2020
 3, 847, 5,Administração - Vespertino - Manaus,2020
 8, 27, 2,Administração - Vespertino - Manaus,2020
 9, 0, 3,Administração - Vespertino - Manaus,2020
 1, 20, 6,Bacharelado em Dança - Noturno - Manaus,2020
 2, 21, 4,Bacharelado em Dança - Noturno - Manaus,2020
 3, 22, 2,Bacharelado em Dança - Noturno - Manaus,2020
 8, 3, 1,Bacharelado em Dança - Noturno - Manaus,2020
 9, 0, 1,Bacharelado em Dança - Noturno - Manaus,2020
 1, 34, 6,Bacharelado em Dança - Vespertino - Manaus,2020
 2, 38, 4,Bacharelado em Dança - Vespertino - Manaus,2020
 3, 41, 2,Bacharelado em Dança - Vespertino - Manaus,2020
 8, 0, 1,Bacharelado em Dança - Vespertino - Manaus,2020
 9, 0, 1,Bacharelado em Dança - Vespertino - Manaus,2020
 1, 7, 2,Bacharelado em Música - Noturno - Manaus,2020
 2, 10, 1,Bacharelado em Música - Noturno - Manaus,2020
 3, 14, 1,Bacharelado em Música - Noturno - Manaus,2020
 8, 0, 1,Bacharelado em Música - Noturno - Manaus,2020
 9, 0, 1,Bacharelado em Música - Noturno - Manaus,2020
 1, 16, 2,Bacharelado em Música - Vespertino - Manaus,2020
 2, 23, 1,Bacharelado em Música - Vespertino - Manaus,2020
 3, 23, 1,Bacharelado em Música - Vespertino - Manaus,2020
 8, 0, 1,Bacharelado em Música - Vespertino - Manaus,2020
 9, 1, 1,Bacharelado em Música - Vespertino - Manaus,2020
 1, 46, 6,Bacharelado em Teatro - Integral - Manaus,2020
 2, 64, 4,Bacharelado em Teatro - Integral - Manaus,2020
 3, 70, 2,Bacharelado em Teatro - Integral - Manaus,2020
 8, 1, 1,Bacharelado em Teatro - Integral - Manaus,2020
 9, 1, 1,Bacharelado em Teatro - Integral - Manaus,2020
 1, 97, 11,Bacharelado em Turismo - Noturno - Manaus,2020
 2, 114, 8,Bacharelado em Turismo - Noturno - Manaus,2020
 3, 119, 5,Bacharelado em Turismo - Noturno - Manaus,2020
 8, 5, 2,Bacharelado em Turismo - Noturno - Manaus,2020
 9, 0, 2,Bacharelado em Turismo - Noturno - Manaus,2020
 1, 115, 11,Bacharelado em Turismo - Vespertino - Manaus,2020
 2, 133, 8,Bacharelado em Turismo - Vespertino - Manaus,2020
 3, 141, 5,Bacharelado em Turismo - Vespertino - Manaus,2020
 8, 2, 2,Bacharelado em Turismo - Vespertino - Manaus,2020
 9, 0, 2,Bacharelado em Turismo - Vespertino - Manaus,2020
 1, 291, 13,Ciências Contábeis - Matutino - Manaus,2020
 2, 347, 9,Ciências Contábeis - Matutino - Manaus,2020
 3, 373, 5,Ciências Contábeis - Matutino - Manaus,2020
 8, 12, 1,Ciências Contábeis - Matutino - Manaus,2020
 9, 4, 3,Ciências Contábeis - Matutino - Manaus,2020
 1, 265, 13,Ciências Contábeis - Noturno - Manaus,2020
 2, 311, 9,Ciências Contábeis - Noturno - Manaus,2020
 3, 383, 5,Ciências Contábeis - Noturno - Manaus,2020
 8, 11, 1,Ciências Contábeis - Noturno - Manaus,2020
 9, 0, 3,Ciências Contábeis - Noturno - Manaus,2020
 1, 87, 13,Ciências Econômicas - Matutino - Manaus,2020
 2, 127, 9,Ciências Econômicas - Matutino - Manaus,2020
 3, 138, 5,Ciências Econômicas - Matutino - Manaus,2020
 8, 7, 1,Ciências Econômicas - Matutino - Manaus,2020
 9, 1, 3,Ciências Econômicas - Matutino - Manaus,2020
 1, 82, 13,Ciências Econômicas - Noturno - Manaus,2020
 2, 128, 9,Ciências Econômicas - Noturno - Manaus,2020
 3, 153, 5,Ciências Econômicas - Noturno - Manaus,2020
 8, 3, 1,Ciências Econômicas - Noturno - Manaus,2020
 9, 1, 3,Ciências Econômicas - Noturno - Manaus,2020
 1, 967, 13,Direito - Noturno - Manaus,2020
 2, 1296, 9,Direito - Noturno - Manaus,2020
 3, 1609, 5,Direito - Noturno - Manaus,2020
 8, 51, 2,Direito - Noturno - Manaus,2020
 9, 29, 3,Direito - Noturno - Manaus,2020
 1, 1175, 13,Direito - Vespertino - Manaus,2020
 2, 1554, 9,Direito - Vespertino - Manaus,2020
 3, 1731, 5,Direito - Vespertino - Manaus,2020
 8, 72, 2,Direito - Vespertino - Manaus,2020
 9, 16, 3,Direito - Vespertino - Manaus,2020
 4, 596, 30,Enfermagem - Integral - Manaus,2020
 5, 1258, 14,Enfermagem - Integral - Manaus,2020
 6, 1435, 10,Enfermagem - Integral - Manaus,2020
 7, 1529, 6,Enfermagem - Integral - Manaus,2020
 8, 181, 6,Enfermagem - Integral - Manaus,2020
 9, 15, 6,Enfermagem - Integral - Manaus,2020
 1, 277, 10,Engenharia Civil - Integral - Manaus,2020
 2, 357, 7,Engenharia Civil - Integral - Manaus,2020
 3, 381, 4,Engenharia Civil - Integral - Manaus,2020
 8, 8, 1,Engenharia Civil - Integral - Manaus,2020
 9, 1, 2,Engenharia Civil - Integral - Manaus,2020
 1, 559, 11,Engenharia da Computação - Integral - Manaus,2020
 2, 758, 8,Engenharia da Computação - Integral - Manaus,2020
 3, 785, 5,Engenharia da Computação - Integral - Manaus,2020
 8, 16, 1,Engenharia da Computação - Integral - Manaus,2020
 9, 6, 2,Engenharia da Computação - Integral - Manaus,2020
 1, 118, 14,Engenharia da Produção - Integral - Manaus,2020
 2, 139, 10,Engenharia da Produção - Integral - Manaus,2020
 3, 150, 6,Engenharia da Produção - Integral - Manaus,2020
 8, 3, 2,Engenharia da Produção - Integral - Manaus,2020
 9, 0, 3,Engenharia da Produção - Integral - Manaus,2020
 1, 86, 13,Engenharia de Controle e Automação - Integral - Manaus,2020
 2, 121, 9,Engenharia de Controle e Automação - Integral - Manaus,2020
 3, 135, 5,Engenharia de Controle e Automação - Integral - Manaus,2020
 8, 2, 1,Engenharia de Controle e Automação - Integral - Manaus,2020
 9, 1, 3,Engenharia de Controle e Automação - Integral - Manaus,2020
 1, 60, 11,Engenharia de Materiais - Noturno - Manaus,2020
 2, 79, 8,Engenharia de Materiais - Noturno - Manaus,2020
 3, 95, 5,Engenharia de Materiais - Noturno - Manaus,2020
 8, 1, 1,Engenharia de Materiais - Noturno - Manaus,2020
 9, 1, 2,Engenharia de Materiais - Noturno - Manaus,2020
 1, 139, 14,Engenharia Elétrica - Integral - Manaus,2020
 2, 197, 10,Engenharia Elétrica - Integral - Manaus,2020
 3, 204, 6,Engenharia Elétrica - Integral - Manaus,2020
 8, 8, 2,Engenharia Elétrica - Integral - Manaus,2020
 9, 2, 3,Engenharia Elétrica - Integral - Manaus,2020
 1, 212, 11,Engenharia Eletrônica - Noturno - Manaus,2020
 2, 270, 8,Engenharia Eletrônica - Noturno - Manaus,2020
 3, 310, 5,Engenharia Eletrônica - Noturno - Manaus,2020
 8, 5, 1,Engenharia Eletrônica - Noturno - Manaus,2020
 9, 4, 2,Engenharia Eletrônica - Noturno - Manaus,2020
 1, 101, 14,Engenharia Florestal - Integral - Itacoatiara,2020
 2, 116, 10,Engenharia Florestal - Integral - Itacoatiara,2020
 3, 126, 6,Engenharia Florestal - Integral - Itacoatiara,2020
 8, 3, 4,Engenharia Florestal - Integral - Itacoatiara,2020
 9, 0, 3,Engenharia Florestal - Integral - Itacoatiara,2020
 1, 229, 14,Engenharia Mecânica - Integral - Manaus,2020
 2, 284, 10,Engenharia Mecânica - Integral - Manaus,2020
 3, 302, 6,Engenharia Mecânica - Integral - Manaus,2020
 8, 12, 2,Engenharia Mecânica - Integral - Manaus,2020
 9, 3, 3,Engenharia Mecânica - Integral - Manaus,2020
 1, 112, 11,Engenharia Naval - Integral - Manaus,2020
 2, 125, 7,Engenharia Naval - Integral - Manaus,2020
 3, 137, 5,Engenharia Naval - Integral - Manaus,2020
 8, 1, 1,Engenharia Naval - Integral - Manaus,2020
 9, 0, 2,Engenharia Naval - Integral - Manaus,2020
 1, 135, 14,Engenharia Química - Integral - Manaus,2020
 2, 191, 10,Engenharia Química - Integral - Manaus,2020
 3, 212, 6,Engenharia Química - Integral - Manaus,2020
 8, 8, 2,Engenharia Química - Integral - Manaus,2020
 9, 2, 3,Engenharia Química - Integral - Manaus,2020
 1, 321, 6,Licenciatura em Ciências Biológicas - Matutino - Manaus,2020
 2, 371, 4,Licenciatura em Ciências Biológicas - Matutino - Manaus,2020
 3, 381, 2,Licenciatura em Ciências Biológicas - Matutino - Manaus,2020
 8, 14, 1,Licenciatura em Ciências Biológicas - Matutino - Manaus,2020
 9, 0, 1,Licenciatura em Ciências Biológicas - Matutino - Manaus,2020
 1, 191, 6,Licenciatura em Ciências Biológicas - Noturno - Manaus,2020
 2, 219, 4,Licenciatura em Ciências Biológicas - Noturno - Manaus,2020
 3, 242, 2,Licenciatura em Ciências Biológicas - Noturno - Manaus,2020
 8, 4, 1,Licenciatura em Ciências Biológicas - Noturno - Manaus,2020
 9, 1, 1,Licenciatura em Ciências Biológicas - Noturno - Manaus,2020
 1, 431, 11,Licenciatura em Ciências Biológicas - Noturno - Parintins,2020
 2, 461, 8,Licenciatura em Ciências Biológicas - Noturno - Parintins,2020
 3, 473, 5,Licenciatura em Ciências Biológicas - Noturno - Parintins,2020
 8, 9, 1,Licenciatura em Ciências Biológicas - Noturno - Parintins,2020
 9, 1, 2,Licenciatura em Ciências Biológicas - Noturno - Parintins,2020
 1, 109, 11,Licenciatura em Ciências Biológicas - Vespertino - Tabatinga,2020
 2, 123, 8,Licenciatura em Ciências Biológicas - Vespertino - Tabatinga,2020
 3, 127, 5,Licenciatura em Ciências Biológicas - Vespertino - Tabatinga,2020
 8, 19, 1,Licenciatura em Ciências Biológicas - Vespertino - Tabatinga,2020
 9, 0, 2,Licenciatura em Ciências Biológicas - Vespertino - Tabatinga,2020
 1, 102, 9,Licenciatura em Ciências Biológicas - Vespertino - Tefé,2020
 2, 127, 6,Licenciatura em Ciências Biológicas - Vespertino - Tefé,2020
 3, 128, 3,Licenciatura em Ciências Biológicas - Vespertino - Tefé,2020
 8, 6, 1,Licenciatura em Ciências Biológicas - Vespertino - Tefé,2020
 9, 0, 2,Licenciatura em Ciências Biológicas - Vespertino - Tefé,2020
 1, 147, 11,Licenciatura em Computação - Noturno - Itacoatiara,2020
 2, 161, 8,Licenciatura em Computação - Noturno - Itacoatiara,2020
 3, 163, 5,Licenciatura em Computação - Noturno - Itacoatiara,2020
 8, 1, 2,Licenciatura em Computação - Noturno - Itacoatiara,2020
 9, 0, 3,Licenciatura em Computação - Noturno - Itacoatiara,2020
 1, 134, 11,Licenciatura em Computação - Vespertino - Manaus,2020
 2, 144, 8,Licenciatura em Computação - Vespertino - Manaus,2020
 3, 156, 5,Licenciatura em Computação - Vespertino - Manaus,2020
 8, 6, 2,Licenciatura em Computação - Vespertino - Manaus,2020
 9, 1, 2,Licenciatura em Computação - Vespertino - Manaus,2020
 1, 14, 6,Licenciatura em Dança - Noturno - Manaus,2020
 2, 20, 4,Licenciatura em Dança - Noturno - Manaus,2020
 3, 23, 2,Licenciatura em Dança - Noturno - Manaus,2020
 8, 0, 1,Licenciatura em Dança - Noturno - Manaus,2020
 9, 0, 1,Licenciatura em Dança - Noturno - Manaus,2020
 1, 18, 6,Licenciatura em Dança - Vespertino - Manaus,2020
 2, 19, 4,Licenciatura em Dança - Vespertino - Manaus,2020
 3, 19, 2,Licenciatura em Dança - Vespertino - Manaus,2020
 8, 2, 1,Licenciatura em Dança - Vespertino - Manaus,2020
 9, 0, 1,Licenciatura em Dança - Vespertino - Manaus,2020
 4, 84, 12,Licenciatura em Educação Física - Vespertino - Manaus,2020
 5, 476, 6,Licenciatura em Educação Física - Vespertino - Manaus,2020
 6, 541, 4,Licenciatura em Educação Física - Vespertino - Manaus,2020
 7, 568, 2,Licenciatura em Educação Física - Vespertino - Manaus,2020
 8, 27, 1,Licenciatura em Educação Física - Vespertino - Manaus,2020
 9, 4, 2,Licenciatura em Educação Física - Vespertino - Manaus,2020
 1, 55, 11,Licenciatura em Física - Vespertino - Parintins,2020
 2, 57, 8,Licenciatura em Física - Vespertino - Parintins,2020
 3, 60, 5,Licenciatura em Física - Vespertino - Parintins,2020
 8, 2, 1,Licenciatura em Física - Vespertino - Parintins,2020
 9, 0, 2,Licenciatura em Física - Vespertino - Parintins,2020
 1, 14, 14,Licenciatura em Física - Vespertino - Tefé,2020
 2, 20, 10,Licenciatura em Física - Vespertino - Tefé,2020
 3, 21, 6,Licenciatura em Física - Vespertino - Tefé,2020
 8, 0, 2,Licenciatura em Física - Vespertino - Tefé,2020
 9, 0, 3,Licenciatura em Física - Vespertino - Tefé,2020
 1, 68, 11,Licenciatura em Geografia - Matutino - Tabatinga,2020
 2, 77, 8,Licenciatura em Geografia - Matutino - Tabatinga,2020
 3, 77, 5,Licenciatura em Geografia - Matutino - Tabatinga,2020
 8, 22, 1,Licenciatura em Geografia - Matutino - Tabatinga,2020
 9, 1, 2,Licenciatura em Geografia - Matutino - Tabatinga,2020
 1, 45, 11,Licenciatura em Geografia - Matutino - Tefé,2020
 2, 54, 8,Licenciatura em Geografia - Matutino - Tefé,2020
 3, 55, 5,Licenciatura em Geografia - Matutino - Tefé,2020
 8, 1, 1,Licenciatura em Geografia - Matutino - Tefé,2020
 9, 0, 3,Licenciatura em Geografia - Matutino - Tefé,2020
 1, 161, 6,Licenciatura em Geografia - Noturno - Manaus,2020
 2, 188, 4,Licenciatura em Geografia - Noturno - Manaus,2020
 3, 219, 2,Licenciatura em Geografia - Noturno - Manaus,2020
 8, 5, 1,Licenciatura em Geografia - Noturno - Manaus,2020
 9, 1, 1,Licenciatura em Geografia - Noturno - Manaus,2020
 1, 68, 11,Licenciatura em História - Vespertino - Tefé,2020
 2, 85, 8,Licenciatura em História - Vespertino - Tefé,2020
 3, 88, 5,Licenciatura em História - Vespertino - Tefé,2020
 8, 7, 1,Licenciatura em História - Vespertino - Tefé,2020
 9, 0, 3,Licenciatura em História - Vespertino - Tefé,2020
 1, 60, 11,Licenciatura em Letras - Língua Portuguesa - Matutino - Tabatinga,2020
 2, 66, 8,Licenciatura em Letras - Língua Portuguesa - Matutino - Tabatinga,2020
 3, 68, 5,Licenciatura em Letras - Língua Portuguesa - Matutino - Tabatinga,2020
 8, 13, 1,Licenciatura em Letras - Língua Portuguesa - Matutino - Tabatinga,2020
 9, 1, 2,Licenciatura em Letras - Língua Portuguesa - Matutino - Tabatinga,2020
 1, 79, 9,Licenciatura em Letras - Língua Portuguesa - Matutino - Tefé,2020
 2, 93, 6,Licenciatura em Letras - Língua Portuguesa - Matutino - Tefé,2020
 3, 96, 3,Licenciatura em Letras - Língua Portuguesa - Matutino - Tefé,2020
 8, 6, 1,Licenciatura em Letras - Língua Portuguesa - Matutino - Tefé,2020
 9, 0, 3,Licenciatura em Letras - Língua Portuguesa - Matutino - Tefé,2020
 1, 165, 10,Licenciatura em Letras - Língua Portuguesa - Noturno - Manaus,2020
 2, 198, 7,Licenciatura em Letras - Língua Portuguesa - Noturno - Manaus,2020
 3, 236, 4,Licenciatura em Letras - Língua Portuguesa - Noturno - Manaus,2020
 8, 2, 1,Licenciatura em Letras - Língua Portuguesa - Noturno - Manaus,2020
 9, 1, 2,Licenciatura em Letras - Língua Portuguesa - Noturno - Manaus,2020
 1, 28, 11,Licenciatura em Letras - Língua Portuguesa - Noturno - Tabatinga,2020
 2, 39, 8,Licenciatura em Letras - Língua Portuguesa - Noturno - Tabatinga,2020
 3, 43, 5,Licenciatura em Letras - Língua Portuguesa - Noturno - Tabatinga,2020
 8, 7, 1,Licenciatura em Letras - Língua Portuguesa - Noturno - Tabatinga,2020
 9, 0, 2,Licenciatura em Letras - Língua Portuguesa - Noturno - Tabatinga,2020
 1, 179, 10,Licenciatura em Letras - Língua Portuguesa - Vespertino - Manaus,2020
 2, 215, 7,Licenciatura em Letras - Língua Portuguesa - Vespertino - Manaus,2020
 3, 229, 4,Licenciatura em Letras - Língua Portuguesa - Vespertino - Manaus,2020
 8, 6, 1,Licenciatura em Letras - Língua Portuguesa - Vespertino - Manaus,2020
 9, 4, 2,Licenciatura em Letras - Língua Portuguesa - Vespertino - Manaus,2020
 1, 310, 11,Licenciatura em Letras - Língua Portuguesa - Vespertino - Parintins,2020
 2, 329, 8,Licenciatura em Letras - Língua Portuguesa - Vespertino - Parintins,2020
 3, 343, 5,Licenciatura em Letras - Língua Portuguesa - Vespertino - Parintins,2020
 8, 13, 1,Licenciatura em Letras - Língua Portuguesa - Vespertino - Parintins,2020
 9, 2, 2,Licenciatura em Letras - Língua Portuguesa - Vespertino - Parintins,2020
 1, 87, 7,Licenciatura em Matemática - Noturno - Manaus,2020
 2, 109, 5,Licenciatura em Matemática - Noturno - Manaus,2020
 3, 132, 3,Licenciatura em Matemática - Noturno - Manaus,2020
 8, 1, 1,Licenciatura em Matemática - Noturno - Manaus,2020
 9, 1, 2,Licenciatura em Matemática - Noturno - Manaus,2020
 1, 99, 11,Licenciatura em Matemática - Noturno - Parintins,2020
 2, 103, 8,Licenciatura em Matemática - Noturno - Parintins,2020
 3, 112, 5,Licenciatura em Matemática - Noturno - Parintins,2020
 8, 2, 1,Licenciatura em Matemática - Noturno - Parintins,2020
 9, 0, 2,Licenciatura em Matemática - Noturno - Parintins,2020
 1, 47, 11,Licenciatura em Matemática - Noturno - Tabatinga,2020
 2, 57, 8,Licenciatura em Matemática - Noturno - Tabatinga,2020
 3, 64, 5,Licenciatura em Matemática - Noturno - Tabatinga,2020
 8, 11, 1,Licenciatura em Matemática - Noturno - Tabatinga,2020
 9, 1, 2,Licenciatura em Matemática - Noturno - Tabatinga,2020
 1, 38, 11,Licenciatura em Matemática - Noturno - Tefé,2020
 2, 44, 8,Licenciatura em Matemática - Noturno - Tefé,2020
 3, 49, 5,Licenciatura em Matemática - Noturno - Tefé,2020
 8, 3, 1,Licenciatura em Matemática - Noturno - Tefé,2020
 9, 0, 3,Licenciatura em Matemática - Noturno - Tefé,2020
 1, 70, 7,Licenciatura em Matemática - Vespertino - Manaus,2020
 2, 79, 5,Licenciatura em Matemática - Vespertino - Manaus,2020
 3, 87, 3,Licenciatura em Matemática - Vespertino - Manaus,2020
 8, 4, 1,Licenciatura em Matemática - Vespertino - Manaus,2020
 9, 1, 2,Licenciatura em Matemática - Vespertino - Manaus,2020
 1, 6, 2,Licenciatura em Música - Noturno - Manaus,2020
 2, 14, 1,Licenciatura em Música - Noturno - Manaus,2020
 3, 18, 1,Licenciatura em Música - Noturno - Manaus,2020
 8, 1, 1,Licenciatura em Música - Noturno - Manaus,2020
 9, 0, 1,Licenciatura em Música - Noturno - Manaus,2020
 1, 19, 2,Licenciatura em Música - Vespertino - Manaus,2020
 2, 25, 1,Licenciatura em Música - Vespertino - Manaus,2020
 3, 28, 1,Licenciatura em Música - Vespertino - Manaus,2020
 8, 1, 1,Licenciatura em Música - Vespertino - Manaus,2020
 9, 0, 1,Licenciatura em Música - Vespertino - Manaus,2020
 1, 382, 11,Licenciatura em Pedagogia - Matutino - Manaus,2020
 2, 425, 8,Licenciatura em Pedagogia - Matutino - Manaus,2020
 3, 461, 5,Licenciatura em Pedagogia - Matutino - Manaus,2020
 8, 33, 1,Licenciatura em Pedagogia - Matutino - Manaus,2020
 9, 1, 2,Licenciatura em Pedagogia - Matutino - Manaus,2020
 1, 290, 11,Licenciatura em Pedagogia - Noturno - Manaus,2020
 2, 345, 8,Licenciatura em Pedagogia - Noturno - Manaus,2020
 3, 386, 5,Licenciatura em Pedagogia - Noturno - Manaus,2020
 8, 22, 1,Licenciatura em Pedagogia - Noturno - Manaus,2020
 9, 6, 2,Licenciatura em Pedagogia - Noturno - Manaus,2020
 1, 145, 13,Licenciatura em Pedagogia - Noturno - Tabatinga,2020
 2, 162, 8,Licenciatura em Pedagogia - Noturno - Tabatinga,2020
 3, 170, 5,Licenciatura em Pedagogia - Noturno - Tabatinga,2020
 8, 28, 1,Licenciatura em Pedagogia - Noturno - Tabatinga,2020
 9, 0, 3,Licenciatura em Pedagogia - Noturno - Tabatinga,2020
 1, 91, 10,Licenciatura em Química - Matutino - Parintins,2020
 2, 92, 7,Licenciatura em Química - Matutino - Parintins,2020
 3, 94, 4,Licenciatura em Química - Matutino - Parintins,2020
 8, 1, 1,Licenciatura em Química - Matutino - Parintins,2020
 9, 0, 2,Licenciatura em Química - Matutino - Parintins,2020
 1, 14, 6,Licenciatura em Química - Vespertino - Tefé,2020
 2, 15, 4,Licenciatura em Química - Vespertino - Tefé,2020
 3, 17, 2,Licenciatura em Química - Vespertino - Tefé,2020
 8, 0, 1,Licenciatura em Química - Vespertino - Tefé,2020
 9, 0, 2,Licenciatura em Química - Vespertino - Tefé,2020
 1, 19, 6,Licenciatura em Teatro - Integral - Manaus,2020
 2, 21, 4,Licenciatura em Teatro - Integral - Manaus,2020
 3, 23, 2,Licenciatura em Teatro - Integral - Manaus,2020
 8, 0, 1,Licenciatura em Teatro - Integral - Manaus,2020
 9, 0, 1,Licenciatura em Teatro - Integral - Manaus,2020
 4, 1367, 36,Medicina - Integral - Manaus,2020
 5, 2516, 17,Medicina - Integral - Manaus,2020
 6, 3740, 12,Medicina - Integral - Manaus,2020
 7, 5067, 7,Medicina - Integral - Manaus,2020
 8, 399, 8,Medicina - Integral - Manaus,2020
 9, 111, 7,Medicina - Integral - Manaus,2020
 1, 35, 11,Meteorologia - Integral - Manaus,2020
 2, 45, 8,Meteorologia - Integral - Manaus,2020
 3, 50, 5,Meteorologia - Integral - Manaus,2020
 8, 1, 1,Meteorologia - Integral - Manaus,2020
 9, 1, 2,Meteorologia - Integral - Manaus,2020
 4, 377, 30,Odontologia - Integral - Manaus,2020
 5, 795, 14,Odontologia - Integral - Manaus,2020
 6, 989, 10,Odontologia - Integral - Manaus,2020
 7, 1077, 6,Odontologia - Integral - Manaus,2020
 8, 90, 6,Odontologia - Integral - Manaus,2020
 9, 5, 6,Odontologia - Integral - Manaus,2020
 1, 257, 11,Sistemas de Informação - Integral - Manaus,2020
 2, 338, 8,Sistemas de Informação - Integral - Manaus,2020
 3, 369, 5,Sistemas de Informação - Integral - Manaus,2020
 8, 8, 1,Sistemas de Informação - Integral - Manaus,2020
 9, 8, 2,Sistemas de Informação - Integral - Manaus,2020
 1, 464, 13,Administração - Noturno - Manaus,2021
 2, 542, 9,Administração - Noturno - Manaus,2021
 3, 573, 5,Administração - Noturno - Manaus,2021
 8, 24, 2,Administração - Noturno - Manaus,2021
 9, 4, 5,Administração - Noturno - Manaus,2021
 1, 388, 13,Administração - Vespertino - Manaus,2021
 2, 480, 9,Administração - Vespertino - Manaus,2021
 3, 500, 5,Administração - Vespertino - Manaus,2021
 8, 17, 2,Administração - Vespertino - Manaus,2021
 9, 6, 5,Administração - Vespertino - Manaus,2021
 1, 14, 6,Bacharelado em Dança - Noturno - Manaus,2021
 2, 18, 4,Bacharelado em Dança - Noturno - Manaus,2021
 3, 19, 2,Bacharelado em Dança - Noturno - Manaus,2021
 8, 0, 1,Bacharelado em Dança - Noturno - Manaus,2021
 9, 0, 2,Bacharelado em Dança - Noturno - Manaus,2021
 1, 24, 6,Bacharelado em Dança - Vespertino - Manaus,2021
 2, 27, 4,Bacharelado em Dança - Vespertino - Manaus,2021
 3, 28, 2,Bacharelado em Dança - Vespertino - Manaus,2021
 8, 1, 1,Bacharelado em Dança - Vespertino - Manaus,2021
 9, 0, 2,Bacharelado em Dança - Vespertino - Manaus,2021
 1, 11, 2,Bacharelado em Música - Noturno - Manaus,2021
 2, 15, 1,Bacharelado em Música - Noturno - Manaus,2021
 3, 18, 1,Bacharelado em Música - Noturno - Manaus,2021
 8, 0, 1,Bacharelado em Música - Noturno - Manaus,2021
 9, 0, 1,Bacharelado em Música - Noturno - Manaus,2021
 1, 15, 2,Bacharelado em Música - Vespertino - Manaus,2021
 2, 18, 2,Bacharelado em Música - Vespertino - Manaus,2021
 3, 20, 1,Bacharelado em Música - Vespertino - Manaus,2021
 8, 0, 1,Bacharelado em Música - Vespertino - Manaus,2021
 9, 0, 1,Bacharelado em Música - Vespertino - Manaus,2021
 1, 29, 6,Bacharelado em Teatro - Integral - Manaus,2021
 2, 37, 4,Bacharelado em Teatro - Integral - Manaus,2021
 3, 43, 2,Bacharelado em Teatro - Integral - Manaus,2021
 8, 2, 1,Bacharelado em Teatro - Integral - Manaus,2021
 9, 1, 2,Bacharelado em Teatro - Integral - Manaus,2021
 1, 32, 11,Bacharelado em Turismo - Noturno - Manaus,2021
 2, 38, 8,Bacharelado em Turismo - Noturno - Manaus,2021
 3, 47, 5,Bacharelado em Turismo - Noturno - Manaus,2021
 8, 0, 2,Bacharelado em Turismo - Noturno - Manaus,2021
 9, 0, 5,Bacharelado em Turismo - Noturno - Manaus,2021
 1, 49, 11,Bacharelado em Turismo - Vespertino - Manaus,2021
 2, 62, 8,Bacharelado em Turismo - Vespertino - Manaus,2021
 3, 64, 5,Bacharelado em Turismo - Vespertino - Manaus,2021
 8, 4, 2,Bacharelado em Turismo - Vespertino - Manaus,2021
 9, 1, 5,Bacharelado em Turismo - Vespertino - Manaus,2021
 1, 160, 13,Ciências Contábeis - Matutino - Manaus,2021
 2, 194, 9,Ciências Contábeis - Matutino - Manaus,2021
 3, 200, 5,Ciências Contábeis - Matutino - Manaus,2021
 8, 5, 1,Ciências Contábeis - Matutino - Manaus,2021
 9, 0, 5,Ciências Contábeis - Matutino - Manaus,2021
 1, 167, 13,Ciências Contábeis - Noturno - Manaus,2021
 2, 201, 9,Ciências Contábeis - Noturno - Manaus,2021
 3, 231, 5,Ciências Contábeis - Noturno - Manaus,2021
 8, 0, 1,Ciências Contábeis - Noturno - Manaus,2021
 9, 2, 5,Ciências Contábeis - Noturno - Manaus,2021
 1, 58, 13,Ciências Econômicas - Matutino - Manaus,2021
 2, 92, 9,Ciências Econômicas - Matutino - Manaus,2021
 3, 97, 5,Ciências Econômicas - Matutino - Manaus,2021
 8, 3, 1,Ciências Econômicas - Matutino - Manaus,2021
 9, 0, 5,Ciências Econômicas - Matutino - Manaus,2021
 1, 56, 13,Ciências Econômicas - Noturno - Manaus,2021
 2, 78, 9,Ciências Econômicas - Noturno - Manaus,2021
 3, 95, 5,Ciências Econômicas - Noturno - Manaus,2021
 8, 3, 1,Ciências Econômicas - Noturno - Manaus,2021
 9, 0, 5,Ciências Econômicas - Noturno - Manaus,2021
 1, 288, 11,Direito - Noturno - Coari,2021
 2, 319, 8,Direito - Noturno - Coari,2021
 3, 417, 5,Direito - Noturno - Coari,2021
 8, 16, 2,Direito - Noturno - Coari,2021
 9, 6, 5,Direito - Noturno - Coari,2021
 1, 329, 11,Direito - Noturno - Eirunepé,2021
 2, 358, 8,Direito - Noturno - Eirunepé,2021
 3, 448, 5,Direito - Noturno - Eirunepé,2021
 8, 0, 2,Direito - Noturno - Eirunepé,2021
 9, 8, 5,Direito - Noturno - Eirunepé,2021
 1, 276, 11,Direito - Noturno - Humaitá,2021
 2, 307, 8,Direito - Noturno - Humaitá,2021
 3, 419, 5,Direito - Noturno - Humaitá,2021
 8, 20, 2,Direito - Noturno - Humaitá,2021
 9, 2, 5,Direito - Noturno - Humaitá,2021
 1, 396, 11,Direito - Noturno - Itacoatiara,2021
 2, 450, 8,Direito - Noturno - Itacoatiara,2021
 3, 576, 5,Direito - Noturno - Itacoatiara,2021
 8, 6, 2,Direito - Noturno - Itacoatiara,2021
 9, 2, 5,Direito - Noturno - Itacoatiara,2021
 1, 265, 11,Direito - Noturno - Lábrea,2021
 2, 297, 8,Direito - Noturno - Lábrea,2021
 3, 391, 5,Direito - Noturno - Lábrea,2021
 8, 58, 2,Direito - Noturno - Lábrea,2021
 9, 1, 5,Direito - Noturno - Lábrea,2021
 1, 778, 13,Direito - Noturno - Manaus,2021
 2, 1037, 9,Direito - Noturno - Manaus,2021
 3, 1297, 5,Direito - Noturno - Manaus,2021
 8, 45, 2,Direito - Noturno - Manaus,2021
 9, 28, 5,Direito - Noturno - Manaus,2021
 1, 535, 11,Direito - Noturno - Parintins,2021
 2, 573, 8,Direito - Noturno - Parintins,2021
 3, 792, 5,Direito - Noturno - Parintins,2021
 8, 10, 2,Direito - Noturno - Parintins,2021
 9, 5, 5,Direito - Noturno - Parintins,2021
 1, 160, 11,Direito - Noturno - Presidente Figueiredo,2021
 2, 195, 8,Direito - Noturno - Presidente Figueiredo,2021
 3, 295, 5,Direito - Noturno - Presidente Figueiredo,2021
 8, 5, 2,Direito - Noturno - Presidente Figueiredo,2021
 9, 6, 5,Direito - Noturno - Presidente Figueiredo,2021
 1, 244, 11,Direito - Noturno - São Gabriel da Cachoeira,2021
 2, 287, 8,Direito - Noturno - São Gabriel da Cachoeira,2021
 3, 372, 5,Direito - Noturno - São Gabriel da Cachoeira,2021
 8, 83, 2,Direito - Noturno - São Gabriel da Cachoeira,2021
 9, 6, 5,Direito - Noturno - São Gabriel da Cachoeira,2021
 1, 668, 13,Direito - Vespertino - Manaus,2021
 2, 904, 9,Direito - Vespertino - Manaus,2021
 3, 995, 5,Direito - Vespertino - Manaus,2021
 8, 27, 2,Direito - Vespertino - Manaus,2021
 9, 9, 5,Direito - Vespertino - Manaus,2021
 4, 425, 30,Enfermagem - Integral - Manaus,2021
 5, 944, 14,Enfermagem - Integral - Manaus,2021
 6, 1103, 10,Enfermagem - Integral - Manaus,2021
 7, 1171, 6,Enfermagem - Integral - Manaus,2021
 8, 130, 6,Enfermagem - Integral - Manaus,2021
 9, 4, 12,Enfermagem - Integral - Manaus,2021
 1, 200, 10,Engenharia Civil - Integral - Manaus,2021
 2, 243, 7,Engenharia Civil - Integral - Manaus,2021
 3, 259, 4,Engenharia Civil - Integral - Manaus,2021
 8, 7, 1,Engenharia Civil - Integral - Manaus,2021
 9, 1, 4,Engenharia Civil - Integral - Manaus,2021
 1, 516, 11,Engenharia da Computação - Integral - Manaus,2021
 2, 722, 8,Engenharia da Computação - Integral - Manaus,2021
 3, 762, 5,Engenharia da Computação - Integral - Manaus,2021
 8, 20, 1,Engenharia da Computação - Integral - Manaus,2021
 9, 7, 5,Engenharia da Computação - Integral - Manaus,2021
 1, 51, 14,Engenharia da Produção - Integral - Manaus,2021
 2, 68, 10,Engenharia da Produção - Integral - Manaus,2021
 3, 75, 6,Engenharia da Produção - Integral - Manaus,2021
 8, 3, 2,Engenharia da Produção - Integral - Manaus,2021
 9, 0, 6,Engenharia da Produção - Integral - Manaus,2021
 1, 45, 13,Engenharia de Controle e Automação - Integral - Manaus,2021
 2, 71, 9,Engenharia de Controle e Automação - Integral - Manaus,2021
 3, 77, 5,Engenharia de Controle e Automação - Integral - Manaus,2021
 8, 3, 1,Engenharia de Controle e Automação - Integral - Manaus,2021
 9, 0, 5,Engenharia de Controle e Automação - Integral - Manaus,2021
 1, 31, 11,Engenharia de Materiais - Noturno - Manaus,2021
 2, 43, 8,Engenharia de Materiais - Noturno - Manaus,2021
 3, 53, 5,Engenharia de Materiais - Noturno - Manaus,2021
 8, 3, 1,Engenharia de Materiais - Noturno - Manaus,2021
 9, 1, 5,Engenharia de Materiais - Noturno - Manaus,2021
 1, 70, 14,Engenharia Elétrica - Integral - Manaus,2021
 2, 96, 10,Engenharia Elétrica - Integral - Manaus,2021
 3, 108, 6,Engenharia Elétrica - Integral - Manaus,2021
 8, 6, 2,Engenharia Elétrica - Integral - Manaus,2021
 9, 1, 6,Engenharia Elétrica - Integral - Manaus,2021
 1, 142, 11,Engenharia Eletrônica - Noturno - Manaus,2021
 2, 182, 8,Engenharia Eletrônica - Noturno - Manaus,2021
 3, 201, 5,Engenharia Eletrônica - Noturno - Manaus,2021
 8, 4, 1,Engenharia Eletrônica - Noturno - Manaus,2021
 9, 1, 5,Engenharia Eletrônica - Noturno - Manaus,2021
 1, 75, 14,Engenharia Florestal - Integral - Itacoatiara,2021
 2, 81, 10,Engenharia Florestal - Integral - Itacoatiara,2021
 3, 84, 6,Engenharia Florestal - Integral - Itacoatiara,2021
 8, 3, 4,Engenharia Florestal - Integral - Itacoatiara,2021
 9, 1, 6,Engenharia Florestal - Integral - Itacoatiara,2021
 1, 139, 14,Engenharia Mecânica - Integral - Manaus,2021
 2, 180, 10,Engenharia Mecânica - Integral - Manaus,2021
 3, 193, 6,Engenharia Mecânica - Integral - Manaus,2021
 8, 9, 2,Engenharia Mecânica - Integral - Manaus,2021
 9, 0, 6,Engenharia Mecânica - Integral - Manaus,2021
 1, 57, 11,Engenharia Naval - Integral - Manaus,2021
 2, 64, 7,Engenharia Naval - Integral - Manaus,2021
 3, 74, 5,Engenharia Naval - Integral - Manaus,2021
 8, 4, 1,Engenharia Naval - Integral - Manaus,2021
 9, 1, 5,Engenharia Naval - Integral - Manaus,2021
 1, 78, 14,Engenharia Química - Integral - Manaus,2021
 2, 110, 10,Engenharia Química - Integral - Manaus,2021
 3, 117, 6,Engenharia Química - Integral - Manaus,2021
 8, 4, 2,Engenharia Química - Integral - Manaus,2021
 9, 0, 6,Engenharia Química - Integral - Manaus,2021
 1, 184, 6,Licenciatura em Ciências Biológicas - Matutino - Manaus,2021
 2, 223, 4,Licenciatura em Ciências Biológicas - Matutino - Manaus,2021
 3, 238, 2,Licenciatura em Ciências Biológicas - Matutino - Manaus,2021
 8, 1, 1,Licenciatura em Ciências Biológicas - Matutino - Manaus,2021
 9, 4, 2,Licenciatura em Ciências Biológicas - Matutino - Manaus,2021
 1, 65, 9,Licenciatura em Ciências Biológicas - Matutino - Tabatinga,2021
 2, 71, 6,Licenciatura em Ciências Biológicas - Matutino - Tabatinga,2021
 3, 74, 3,Licenciatura em Ciências Biológicas - Matutino - Tabatinga,2021
 8, 19, 1,Licenciatura em Ciências Biológicas - Matutino - Tabatinga,2021
 9, 0, 4,Licenciatura em Ciências Biológicas - Matutino - Tabatinga,2021
 1, 33, 9,Licenciatura em Ciências Biológicas - Noturno - Tabatinga,2021
 2, 39, 6,Licenciatura em Ciências Biológicas - Noturno - Tabatinga,2021
 3, 40, 3,Licenciatura em Ciências Biológicas - Noturno - Tabatinga,2021
 8, 4, 1,Licenciatura em Ciências Biológicas - Noturno - Tabatinga,2021
 9, 0, 4,Licenciatura em Ciências Biológicas - Noturno - Tabatinga,2021
 1, 82, 9,Licenciatura em Ciências Biológicas - Noturno - Tefé,2021
 2, 92, 6,Licenciatura em Ciências Biológicas - Noturno - Tefé,2021
 3, 93, 3,Licenciatura em Ciências Biológicas - Noturno - Tefé,2021
 8, 2, 1,Licenciatura em Ciências Biológicas - Noturno - Tefé,2021
 9, 1, 4,Licenciatura em Ciências Biológicas - Noturno - Tefé,2021
 1, 66, 6,Licenciatura em Ciências Biológicas - Vespertino - Manaus,2021
 2, 77, 4,Licenciatura em Ciências Biológicas - Vespertino - Manaus,2021
 3, 81, 2,Licenciatura em Ciências Biológicas - Vespertino - Manaus,2021
 8, 6, 1,Licenciatura em Ciências Biológicas - Vespertino - Manaus,2021
 9, 1, 2,Licenciatura em Ciências Biológicas - Vespertino - Manaus,2021
 1, 149, 11,Licenciatura em Ciências Biológicas - Vespertino - Parintins,2021
 2, 164, 8,Licenciatura em Ciências Biológicas - Vespertino - Parintins,2021
 3, 168, 5,Licenciatura em Ciências Biológicas - Vespertino - Parintins,2021
 8, 6, 1,Licenciatura em Ciências Biológicas - Vespertino - Parintins,2021
 9, 0, 5,Licenciatura em Ciências Biológicas - Vespertino - Parintins,2021
 1, 65, 14,Licenciatura em Computação - Noturno - Itacoatiara,2021
 2, 73, 10,Licenciatura em Computação - Noturno - Itacoatiara,2021
 3, 76, 6,Licenciatura em Computação - Noturno - Itacoatiara,2021
 8, 1, 4,Licenciatura em Computação - Noturno - Itacoatiara,2021
 9, 0, 6,Licenciatura em Computação - Noturno - Itacoatiara,2021
 1, 80, 11,Licenciatura em Computação - Vespertino - Manaus,2021
 2, 96, 8,Licenciatura em Computação - Vespertino - Manaus,2021
 3, 102, 5,Licenciatura em Computação - Vespertino - Manaus,2021
 8, 2, 2,Licenciatura em Computação - Vespertino - Manaus,2021
 9, 2, 5,Licenciatura em Computação - Vespertino - Manaus,2021
 1, 4, 6,Licenciatura em Dança - Noturno - Manaus,2021
 2, 5, 4,Licenciatura em Dança - Noturno - Manaus,2021
 3, 11, 2,Licenciatura em Dança - Noturno - Manaus,2021
 8, 0, 1,Licenciatura em Dança - Noturno - Manaus,2021
 9, 0, 2,Licenciatura em Dança - Noturno - Manaus,2021
 1, 18, 6,Licenciatura em Dança - Vespertino - Manaus,2021
 2, 19, 4,Licenciatura em Dança - Vespertino - Manaus,2021
 3, 21, 2,Licenciatura em Dança - Vespertino - Manaus,2021
 8, 0, 1,Licenciatura em Dança - Vespertino - Manaus,2021
 9, 0, 2,Licenciatura em Dança - Vespertino - Manaus,2021
 4, 57, 12,Licenciatura em Educação Física - Vespertino - Manaus,2021
 5, 236, 6,Licenciatura em Educação Física - Vespertino - Manaus,2021
 6, 261, 4,Licenciatura em Educação Física - Vespertino - Manaus,2021
 7, 279, 2,Licenciatura em Educação Física - Vespertino - Manaus,2021
 8, 19, 1,Licenciatura em Educação Física - Vespertino - Manaus,2021
 9, 5, 5,Licenciatura em Educação Física - Vespertino - Manaus,2021
 1, 29, 11,Licenciatura em Física - Matutino - Parintins,2021
 2, 32, 8,Licenciatura em Física - Matutino - Parintins,2021
 3, 33, 5,Licenciatura em Física - Matutino - Parintins,2021
 8, 1, 1,Licenciatura em Física - Matutino - Parintins,2021
 9, 1, 5,Licenciatura em Física - Matutino - Parintins,2021
 1, 7, 14,Licenciatura em Física - Noturno - Tefé,2021
 2, 10, 10,Licenciatura em Física - Noturno - Tefé,2021
 3, 12, 6,Licenciatura em Física - Noturno - Tefé,2021
 8, 0, 2,Licenciatura em Física - Noturno - Tefé,2021
 9, 0, 6,Licenciatura em Física - Noturno - Tefé,2021
 1, 56, 11,Licenciatura em Geografia - Matutino - Manaus,2021
 2, 64, 8,Licenciatura em Geografia - Matutino - Manaus,2021
 3, 68, 5,Licenciatura em Geografia - Matutino - Manaus,2021
 8, 6, 1,Licenciatura em Geografia - Matutino - Manaus,2021
 9, 4, 5,Licenciatura em Geografia - Matutino - Manaus,2021
 1, 72, 11,Licenciatura em Geografia - Matutino - Parintins,2021
 2, 76, 8,Licenciatura em Geografia - Matutino - Parintins,2021
 3, 77, 5,Licenciatura em Geografia - Matutino - Parintins,2021
 8, 3, 1,Licenciatura em Geografia - Matutino - Parintins,2021
 9, 0, 5,Licenciatura em Geografia - Matutino - Parintins,2021
 1, 46, 11,Licenciatura em Geografia - Noturno - Manaus,2021
 2, 57, 8,Licenciatura em Geografia - Noturno - Manaus,2021
 3, 67, 5,Licenciatura em Geografia - Noturno - Manaus,2021
 8, 1, 1,Licenciatura em Geografia - Noturno - Manaus,2021
 9, 0, 5,Licenciatura em Geografia - Noturno - Manaus,2021
 1, 64, 11,Licenciatura em Geografia - Noturno - Parintins,2021
 2, 73, 8,Licenciatura em Geografia - Noturno - Parintins,2021
 3, 0, 5,Licenciatura em Geografia - Noturno - Parintins,2021
 8, 0, 1,Licenciatura em Geografia - Noturno - Parintins,2021
 9, 0, 5,Licenciatura em Geografia - Noturno - Parintins,2021
 1, 44, 11,Licenciatura em Geografia - Noturno - Tabatinga,2021
 2, 49, 8,Licenciatura em Geografia - Noturno - Tabatinga,2021
 3, 56, 5,Licenciatura em Geografia - Noturno - Tabatinga,2021
 8, 12, 1,Licenciatura em Geografia - Noturno - Tabatinga,2021
 9, 0, 5,Licenciatura em Geografia - Noturno - Tabatinga,2021
 1, 26, 11,Licenciatura em Geografia - Noturno - Tefé,2021
 2, 35, 8,Licenciatura em Geografia - Noturno - Tefé,2021
 3, 0, 5,Licenciatura em Geografia - Noturno - Tefé,2021
 8, 3, 1,Licenciatura em Geografia - Noturno - Tefé,2021
 9, 0, 5,Licenciatura em Geografia - Noturno - Tefé,2021
 1, 76, 11,Licenciatura em História - Matutino - Parintins,2021
 2, 84, 8,Licenciatura em História - Matutino - Parintins,2021
 3, 85, 5,Licenciatura em História - Matutino - Parintins,2021
 8, 2, 1,Licenciatura em História - Matutino - Parintins,2021
 9, 0, 5,Licenciatura em História - Matutino - Parintins,2021
 1, 81, 11,Licenciatura em História - Noturno - Parintins,2021
 2, 83, 8,Licenciatura em História - Noturno - Parintins,2021
 3, 89, 5,Licenciatura em História - Noturno - Parintins,2021
 8, 1, 1,Licenciatura em História - Noturno - Parintins,2021
 9, 0, 5,Licenciatura em História - Noturno - Parintins,2021
 1, 39, 11,Licenciatura em História - Noturno - Tefé,2021
 2, 51, 8,Licenciatura em História - Noturno - Tefé,2021
 3, 53, 5,Licenciatura em História - Noturno - Tefé,2021
 8, 4, 1,Licenciatura em História - Noturno - Tefé,2021
 9, 0, 5,Licenciatura em História - Noturno - Tefé,2021
 1, 76, 11,Lícenciatura em Letras - Língua Inglesa - Vespertino - Itacoatiara,2021
 2, 80, 8,Lícenciatura em Letras - Língua Inglesa - Vespertino - Itacoatiara,2021
 3, 88, 5,Lícenciatura em Letras - Língua Inglesa - Vespertino - Itacoatiara,2021
 8, 1, 1,Lícenciatura em Letras - Língua Inglesa - Vespertino - Itacoatiara,2021
 9, 0, 5,Lícenciatura em Letras - Língua Inglesa - Vespertino - Itacoatiara,2021
 1, 59, 11,Licenciatura em Letras - Língua Inglesa - Vespertino - Parintins,2021
 2, 60, 8,Licenciatura em Letras - Língua Inglesa - Vespertino - Parintins,2021
 3, 75, 5,Licenciatura em Letras - Língua Inglesa - Vespertino - Parintins,2021
 8, 4, 1,Licenciatura em Letras - Língua Inglesa - Vespertino - Parintins,2021
 9, 0, 5,Licenciatura em Letras - Língua Inglesa - Vespertino - Parintins,2021
 1, 24, 11,Licenciatura em Letras - Língua Inglesa - Vespertino - Tabatinga,2021
 2, 28, 8,Licenciatura em Letras - Língua Inglesa - Vespertino - Tabatinga,2021
 3, 29, 5,Licenciatura em Letras - Língua Inglesa - Vespertino - Tabatinga,2021
 8, 4, 1,Licenciatura em Letras - Língua Inglesa - Vespertino - Tabatinga,2021
 9, 0, 5,Licenciatura em Letras - Língua Inglesa - Vespertino - Tabatinga,2021
 1, 50, 11,Licenciatura em Letras - Língua Portuguesa - Matutino - Tabatinga,2021
 2, 58, 8,Licenciatura em Letras - Língua Portuguesa - Matutino - Tabatinga,2021
 3, 61, 5,Licenciatura em Letras - Língua Portuguesa - Matutino - Tabatinga,2021
 8, 15, 1,Licenciatura em Letras - Língua Portuguesa - Matutino - Tabatinga,2021
 9, 0, 5,Licenciatura em Letras - Língua Portuguesa - Matutino - Tabatinga,2021
 1, 100, 10,Licenciatura em Letras - Língua Portuguesa - Noturno - Manaus,2021
 2, 115, 7,Licenciatura em Letras - Língua Portuguesa - Noturno - Manaus,2021
 3, 143, 4,Licenciatura em Letras - Língua Portuguesa - Noturno - Manaus,2021
 8, 5, 1,Licenciatura em Letras - Língua Portuguesa - Noturno - Manaus,2021
 9, 0, 4,Licenciatura em Letras - Língua Portuguesa - Noturno - Manaus,2021
 1, 88, 11,Licenciatura em Letras - Língua Portuguesa - Noturno - Parintins,2021
 2, 91, 8,Licenciatura em Letras - Língua Portuguesa - Noturno - Parintins,2021
 3, 96, 5,Licenciatura em Letras - Língua Portuguesa - Noturno - Parintins,2021
 8, 1, 1,Licenciatura em Letras - Língua Portuguesa - Noturno - Parintins,2021
 9, 0, 5,Licenciatura em Letras - Língua Portuguesa - Noturno - Parintins,2021
 1, 49, 11,Licenciatura em Letras - Língua Portuguesa - Noturno - Tefé,2021
 2, 59, 8,Licenciatura em Letras - Língua Portuguesa - Noturno - Tefé,2021
 3, 63, 5,Licenciatura em Letras - Língua Portuguesa - Noturno - Tefé,2021
 8, 3, 1,Licenciatura em Letras - Língua Portuguesa - Noturno - Tefé,2021
 9, 0, 5,Licenciatura em Letras - Língua Portuguesa - Noturno - Tefé,2021
 1, 118, 10,Licenciatura em Letras - Língua Portuguesa - Vespertino - Manaus,2021
 2, 143, 7,Licenciatura em Letras - Língua Portuguesa - Vespertino - Manaus,2021
 3, 152, 4,Licenciatura em Letras - Língua Portuguesa - Vespertino - Manaus,2021
 8, 9, 1,Licenciatura em Letras - Língua Portuguesa - Vespertino - Manaus,2021
 9, 0, 4,Licenciatura em Letras - Língua Portuguesa - Vespertino - Manaus,2021
 1, 70, 11,Licenciatura em Matemática - Matutino - Parintins,2021
 2, 71, 8,Licenciatura em Matemática - Matutino - Parintins,2021
 3, 75, 5,Licenciatura em Matemática - Matutino - Parintins,2021
 8, 3, 1,Licenciatura em Matemática - Matutino - Parintins,2021
 9, 0, 5,Licenciatura em Matemática - Matutino - Parintins,2021
 1, 46, 10,Licenciatura em Matemática - Noturno - Manaus,2021
 2, 53, 7,Licenciatura em Matemática - Noturno - Manaus,2021
 3, 64, 4,Licenciatura em Matemática - Noturno - Manaus,2021
 8, 4, 1,Licenciatura em Matemática - Noturno - Manaus,2021
 9, 1, 4,Licenciatura em Matemática - Noturno - Manaus,2021
 1, 32, 9,Licenciatura em Matemática - Noturno - Tefé,2021
 2, 34, 6,Licenciatura em Matemática - Noturno - Tefé,2021
 3, 36, 3,Licenciatura em Matemática - Noturno - Tefé,2021
 8, 5, 1,Licenciatura em Matemática - Noturno - Tefé,2021
 9, 0, 4,Licenciatura em Matemática - Noturno - Tefé,2021
 1, 47, 10,Licenciatura em Matemática - Vespertino - Manaus,2021
 2, 52, 7,Licenciatura em Matemática - Vespertino - Manaus,2021
 3, 57, 4,Licenciatura em Matemática - Vespertino - Manaus,2021
 8, 2, 1,Licenciatura em Matemática - Vespertino - Manaus,2021
 9, 0, 4,Licenciatura em Matemática - Vespertino - Manaus,2021
 1, 38, 11,Licenciatura em Matemática - Vespertino - Tabatinga,2021
 2, 45, 8,Licenciatura em Matemática - Vespertino - Tabatinga,2021
 3, 46, 5,Licenciatura em Matemática - Vespertino - Tabatinga,2021
 8, 8, 1,Licenciatura em Matemática - Vespertino - Tabatinga,2021
 9, 0, 5,Licenciatura em Matemática - Vespertino - Tabatinga,2021
 1, 9, 2,Licenciatura em Música - Noturno - Manaus,2021
 2, 10, 2,Licenciatura em Música - Noturno - Manaus,2021
 3, 13, 1,Licenciatura em Música - Noturno - Manaus,2021
 8, 0, 1,Licenciatura em Música - Noturno - Manaus,2021
 9, 0, 1,Licenciatura em Música - Noturno - Manaus,2021
 1, 12, 2,Licenciatura em Música - Vespertino - Manaus,2021
 2, 16, 1,Licenciatura em Música - Vespertino - Manaus,2021
 3, 22, 1,Licenciatura em Música - Vespertino - Manaus,2021
 8, 0, 1,Licenciatura em Música - Vespertino - Manaus,2021
 9, 1, 1,Licenciatura em Música - Vespertino - Manaus,2021
 1, 205, 11,Licenciatura em Pedagogia - Matutino - Manaus,2021
 2, 231, 8,Licenciatura em Pedagogia - Matutino - Manaus,2021
 3, 256, 5,Licenciatura em Pedagogia - Matutino - Manaus,2021
 8, 17, 1,Licenciatura em Pedagogia - Matutino - Manaus,2021
 9, 1, 5,Licenciatura em Pedagogia - Matutino - Manaus,2021
 1, 132, 11,Licenciatura em Pedagogia - Matutino - Tefé,2021
 2, 148, 8,Licenciatura em Pedagogia - Matutino - Tefé,2021
 3, 152, 5,Licenciatura em Pedagogia - Matutino - Tefé,2021
 8, 22, 1,Licenciatura em Pedagogia - Matutino - Tefé,2021
 9, 0, 5,Licenciatura em Pedagogia - Matutino - Tefé,2021
 1, 149, 11,Licenciatura em Pedagogia - Noturno - Manaus,2021
 2, 173, 8,Licenciatura em Pedagogia - Noturno - Manaus,2021
 3, 201, 5,Licenciatura em Pedagogia - Noturno - Manaus,2021
 8, 10, 1,Licenciatura em Pedagogia - Noturno - Manaus,2021
 9, 2, 5,Licenciatura em Pedagogia - Noturno - Manaus,2021
 1, 292, 11,Licenciatura em Pedagogia - Noturno - Parintins,2021
 2, 319, 8,Licenciatura em Pedagogia - Noturno - Parintins,2021
 3, 338, 5,Licenciatura em Pedagogia - Noturno - Parintins,2021
 8, 6, 1,Licenciatura em Pedagogia - Noturno - Parintins,2021
 9, 2, 5,Licenciatura em Pedagogia - Noturno - Parintins,2021
 1, 96, 11,Licenciatura em Pedagogia - Noturno - Tabatinga,2021
 2, 114, 8,Licenciatura em Pedagogia - Noturno - Tabatinga,2021
 3, 123, 5,Licenciatura em Pedagogia - Noturno - Tabatinga,2021
 8, 7, 1,Licenciatura em Pedagogia - Noturno - Tabatinga,2021
 9, 0, 5,Licenciatura em Pedagogia - Noturno - Tabatinga,2021
 1, 127, 11,Licenciatura em Pedagogia - Vespertino - Tabatinga,2021
 2, 139, 8,Licenciatura em Pedagogia - Vespertino - Tabatinga,2021
 3, 142, 5,Licenciatura em Pedagogia - Vespertino - Tabatinga,2021
 8, 50, 1,Licenciatura em Pedagogia - Vespertino - Tabatinga,2021
 9, 0, 5,Licenciatura em Pedagogia - Vespertino - Tabatinga,2021
 1, 14, 14,Licenciatura em Química - Matutino - Tefé,2021
 2, 16, 10,Licenciatura em Química - Matutino - Tefé,2021
 3, 17, 6,Licenciatura em Química - Matutino - Tefé,2021
 8, 1, 2,Licenciatura em Química - Matutino - Tefé,2021
 9, 0, 6,Licenciatura em Química - Matutino - Tefé,2021
 1, 44, 9,Licenciatura em Química - Vespertino - Parintins,2021
 2, 0, 6,Licenciatura em Química - Vespertino - Parintins,2021
 3, 46, 3,Licenciatura em Química - Vespertino - Parintins,2021
 8, 0, 1,Licenciatura em Química - Vespertino - Parintins,2021
 9, 1, 4,Licenciatura em Química - Vespertino - Parintins,2021
 1, 10, 6,Licenciatura em Teatro - Integral - Manaus,2021
 2, 13, 4,Licenciatura em Teatro - Integral - Manaus,2021
 3, 14, 2,Licenciatura em Teatro - Integral - Manaus,2021
 8, 3, 1,Licenciatura em Teatro - Integral - Manaus,2021
 9, 1, 2,Licenciatura em Teatro - Integral - Manaus,2021
 1, 40, 11,Lincenciatura em Letras - Língua Inglesa - Vespertino - Barcelos,2021
 2, 48, 8,Lincenciatura em Letras - Língua Inglesa - Vespertino - Barcelos,2021
 3, 73, 5,Lincenciatura em Letras - Língua Inglesa - Vespertino - Barcelos,2021
 8, 6, 1,Lincenciatura em Letras - Língua Inglesa - Vespertino - Barcelos,2021
 9, 0, 5,Lincenciatura em Letras - Língua Inglesa - Vespertino - Barcelos,2021
 1, 43, 11,Lincenciatura em Letras - Língua Inglesa - Vespertino - Careiro Castanho,2021
 2, 48, 8,Lincenciatura em Letras - Língua Inglesa - Vespertino - Careiro Castanho,2021
 3, 56, 5,Lincenciatura em Letras - Língua Inglesa - Vespertino - Careiro Castanho,2021
 8, 0, 1,Lincenciatura em Letras - Língua Inglesa - Vespertino - Careiro Castanho,2021
 9, 0, 5,Lincenciatura em Letras - Língua Inglesa - Vespertino - Careiro Castanho,2021
 1, 40, 11,Lincenciatura em Letras - Língua Inglesa - Vespertino - Coari,2021
 2, 47, 8,Lincenciatura em Letras - Língua Inglesa - Vespertino - Coari,2021
 3, 57, 5,Lincenciatura em Letras - Língua Inglesa - Vespertino - Coari,2021
 8, 1, 1,Lincenciatura em Letras - Língua Inglesa - Vespertino - Coari,2021
 9, 1, 5,Lincenciatura em Letras - Língua Inglesa - Vespertino - Coari,2021
 1, 45, 11,Lincenciatura em Letras - Língua Inglesa - Vespertino - Codajás,2021
 2, 47, 8,Lincenciatura em Letras - Língua Inglesa - Vespertino - Codajás,2021
 3, 53, 5,Lincenciatura em Letras - Língua Inglesa - Vespertino - Codajás,2021
 8, 0, 1,Lincenciatura em Letras - Língua Inglesa - Vespertino - Codajás,2021
 9, 0, 5,Lincenciatura em Letras - Língua Inglesa - Vespertino - Codajás,2021
 1, 36, 11,Lincenciatura em Letras - Língua Inglesa - Vespertino - Ipixuna,2021
 2, 38, 8,Lincenciatura em Letras - Língua Inglesa - Vespertino - Ipixuna,2021
 3, 42, 5,Lincenciatura em Letras - Língua Inglesa - Vespertino - Ipixuna,2021
 8, 0, 1,Lincenciatura em Letras - Língua Inglesa - Vespertino - Ipixuna,2021
 9, 0, 5,Lincenciatura em Letras - Língua Inglesa - Vespertino - Ipixuna,2021
 1, 54, 11,Lincenciatura em Letras - Língua Inglesa - Vespertino - Lábrea,2021
 2, 64, 8,Lincenciatura em Letras - Língua Inglesa - Vespertino - Lábrea,2021
 3, 75, 5,Lincenciatura em Letras - Língua Inglesa - Vespertino - Lábrea,2021
 8, 6, 1,Lincenciatura em Letras - Língua Inglesa - Vespertino - Lábrea,2021
 9, 1, 5,Lincenciatura em Letras - Língua Inglesa - Vespertino - Lábrea,2021
 1, 66, 11,Lincenciatura em Letras - Língua Inglesa - Vespertino - Manacaparu,2021
 2, 73, 8,Lincenciatura em Letras - Língua Inglesa - Vespertino - Manacaparu,2021
 3, 83, 5,Lincenciatura em Letras - Língua Inglesa - Vespertino - Manacaparu,2021
 8, 1, 1,Lincenciatura em Letras - Língua Inglesa - Vespertino - Manacaparu,2021
 9, 0, 5,Lincenciatura em Letras - Língua Inglesa - Vespertino - Manacaparu,2021
 1, 94, 11,Lincenciatura em Letras - Língua Inglesa - Vespertino - Manicoré,2021
 2, 97, 8,Lincenciatura em Letras - Língua Inglesa - Vespertino - Manicoré,2021
 3, 112, 5,Lincenciatura em Letras - Língua Inglesa - Vespertino - Manicoré,2021
 8, 9, 1,Lincenciatura em Letras - Língua Inglesa - Vespertino - Manicoré,2021
 9, 0, 5,Lincenciatura em Letras - Língua Inglesa - Vespertino - Manicoré,2021
 1, 83, 11,Lincenciatura em Letras - Língua Inglesa - Vespertino - Maués,2021
 2, 88, 8,Lincenciatura em Letras - Língua Inglesa - Vespertino - Maués,2021
 3, 105, 5,Lincenciatura em Letras - Língua Inglesa - Vespertino - Maués,2021
 8, 6, 1,Lincenciatura em Letras - Língua Inglesa - Vespertino - Maués,2021
 9, 0, 5,Lincenciatura em Letras - Língua Inglesa - Vespertino - Maués,2021
 1, 49, 11,Lincenciatura em Letras - Língua Inglesa - Vespertino - São Gabriel da Cachoeira,2021
 2, 65, 8,Lincenciatura em Letras - Língua Inglesa - Vespertino - São Gabriel da Cachoeira,2021
 3, 82, 5,Lincenciatura em Letras - Língua Inglesa - Vespertino - São Gabriel da Cachoeira,2021
 8, 14, 1,Lincenciatura em Letras - Língua Inglesa - Vespertino - São Gabriel da Cachoeira,2021
 9, 2, 5,Lincenciatura em Letras - Língua Inglesa - Vespertino - São Gabriel da Cachoeira,2021
 1, 24, 11,Lincenciatura em Letras - Língua Inglesa - Vespertino - Tefé,2021
 2, 25, 8,Lincenciatura em Letras - Língua Inglesa - Vespertino - Tefé,2021
 3, 35, 5,Lincenciatura em Letras - Língua Inglesa - Vespertino - Tefé,2021
 8, 4, 1,Lincenciatura em Letras - Língua Inglesa - Vespertino - Tefé,2021
 9, 0, 5,Lincenciatura em Letras - Língua Inglesa - Vespertino - Tefé,2021
 1, 34, 11,Lincenciatura em Letras - Língua Inglesa - Vespertino - Urucurituba,2021
 2, 39, 8,Lincenciatura em Letras - Língua Inglesa - Vespertino - Urucurituba,2021
 3, 41, 5,Lincenciatura em Letras - Língua Inglesa - Vespertino - Urucurituba,2021
 8, 0, 1,Lincenciatura em Letras - Língua Inglesa - Vespertino - Urucurituba,2021
 9, 0, 5,Lincenciatura em Letras - Língua Inglesa - Vespertino - Urucurituba,2021
 4, 1170, 36,Medicina - Integral - Manaus,2021
 5, 2012, 17,Medicina - Integral - Manaus,2021
 6, 2979, 12,Medicina - Integral - Manaus,2021
 7, 3986, 7,Medicina - Integral - Manaus,2021
 8, 328, 8,Medicina - Integral - Manaus,2021
 9, 72, 14,Medicina - Integral - Manaus,2021
 1, 20, 11,Meteorologia - Integral - Manaus,2021
 2, 25, 8,Meteorologia - Integral - Manaus,2021
 3, 28, 5,Meteorologia - Integral - Manaus,2021
 8, 2, 1,Meteorologia - Integral - Manaus,2021
 9, 0, 5,Meteorologia - Integral - Manaus,2021
 4, 277, 30,Odontologia - Integral - Manaus,2021
 5, 522, 14,Odontologia - Integral - Manaus,2021
 6, 652, 10,Odontologia - Integral - Manaus,2021
 7, 715, 6,Odontologia - Integral - Manaus,2021
 8, 94, 6,Odontologia - Integral - Manaus,2021
 9, 2, 12,Odontologia - Integral - Manaus,2021
 1, 194, 11,Sistemas de Informação - Integral - Manaus,2021
 2, 285, 8,Sistemas de Informação - Integral - Manaus,2021
 3, 303, 5,Sistemas de Informação - Integral - Manaus,2021
 8, 7, 1,Sistemas de Informação - Integral - Manaus,2021
 9, 9, 5,Sistemas de Informação - Integral - Manaus,2021
 1, 169, 9,Tecnologia em Design Digital - Diurno - Parintins,2021
 2, 182, 6,Tecnologia em Design Digital - Diurno - Parintins,2021
 3, 198, 3,Tecnologia em Design Digital - Diurno - Parintins,2021
 8, 11, 1,Tecnologia em Design Digital - Diurno - Parintins,2021
 9, 1, 4,Tecnologia em Design Digital - Diurno - Parintins,2021
 1, 559, 10,Administração - Noturno - Manaus,2022
 2, 665, 7,Administração - Noturno - Manaus,2022
 3, 720, 4,Administração - Noturno - Manaus,2022
 8, 18, 3,Administração - Noturno - Manaus,2022
 9, 11, 6,Administração - Noturno - Manaus,2022
 1, 489, 10,Administração - Vespertino - Manaus,2022
 2, 593, 7,Administração - Vespertino - Manaus,2022
 3, 623, 4,Administração - Vespertino - Manaus,2022
 8, 32, 3,Administração - Vespertino - Manaus,2022
 9, 8, 6,Administração - Vespertino - Manaus,2022
 1, 13, 4,Bacharelado em Dança - Noturno - Manaus,2022
 2, 16, 3,Bacharelado em Dança - Noturno - Manaus,2022
 3, 18, 2,Bacharelado em Dança - Noturno - Manaus,2022
 8, 0, 1,Bacharelado em Dança - Noturno - Manaus,2022
 9, 0, 2,Bacharelado em Dança - Noturno - Manaus,2022
 1, 31, 4,Bacharelado em Dança - Vespertino - Manaus,2022
 2, 32, 3,Bacharelado em Dança - Vespertino - Manaus,2022
 3, 33, 2,Bacharelado em Dança - Vespertino - Manaus,2022
 8, 1, 1,Bacharelado em Dança - Vespertino - Manaus,2022
 9, 0, 2,Bacharelado em Dança - Vespertino - Manaus,2022
 1, 11, 1,Bacharelado em Música - Noturno - Manaus,2022
 2, 15, 1,Bacharelado em Música - Noturno - Manaus,2022
 3, 23, 1,Bacharelado em Música - Noturno - Manaus,2022
 9, 1, 1,Bacharelado em Música - Noturno - Manaus,2022
 1, 20, 2,Bacharelado em Música - Vespertino - Manaus,2022
 2, 30, 1,Bacharelado em Música - Vespertino - Manaus,2022
 3, 33, 1,Bacharelado em Música - Vespertino - Manaus,2022
 9, 1, 1,Bacharelado em Música - Vespertino - Manaus,2022
 1, 37, 4,Bacharelado em Teatro - Integral - Manaus,2022
 2, 51, 3,Bacharelado em Teatro - Integral - Manaus,2022
 3, 55, 2,Bacharelado em Teatro - Integral - Manaus,2022
 8, 1, 1,Bacharelado em Teatro - Integral - Manaus,2022
 9, 2, 2,Bacharelado em Teatro - Integral - Manaus,2022
 1, 47, 8,Bacharelado em Turismo - Noturno - Manaus,2022
 2, 61, 5,Bacharelado em Turismo - Noturno - Manaus,2022
 3, 70, 3,Bacharelado em Turismo - Noturno - Manaus,2022
 8, 3, 3,Bacharelado em Turismo - Noturno - Manaus,2022
 9, 1, 5,Bacharelado em Turismo - Noturno - Manaus,2022
 1, 64, 8,Bacharelado em Turismo - Vespertino - Manaus,2022
 2, 72, 5,Bacharelado em Turismo - Vespertino - Manaus,2022
 3, 77, 3,Bacharelado em Turismo - Vespertino - Manaus,2022
 8, 6, 3,Bacharelado em Turismo - Vespertino - Manaus,2022
 9, 2, 5,Bacharelado em Turismo - Vespertino - Manaus,2022
 1, 186, 11,Ciências Contábeis - Matutino - Manaus,2022
 2, 224, 7,Ciências Contábeis - Matutino - Manaus,2022
 3, 240, 4,Ciências Contábeis - Matutino - Manaus,2022
 8, 10, 2,Ciências Contábeis - Matutino - Manaus,2022
 9, 1, 6,Ciências Contábeis - Matutino - Manaus,2022
 1, 197, 11,Ciências Contábeis - Noturno - Manaus,2022
 2, 237, 7,Ciências Contábeis - Noturno - Manaus,2022
 3, 303, 4,Ciências Contábeis - Noturno - Manaus,2022
 8, 9, 2,Ciências Contábeis - Noturno - Manaus,2022
 9, 2, 6,Ciências Contábeis - Noturno - Manaus,2022
 1, 59, 11,Ciências Econômicas - Matutino - Manaus,2022
 2, 92, 7,Ciências Econômicas - Matutino - Manaus,2022
 3, 97, 4,Ciências Econômicas - Matutino - Manaus,2022
 8, 3, 2,Ciências Econômicas - Matutino - Manaus,2022
 9, 1, 6,Ciências Econômicas - Matutino - Manaus,2022
 1, 73, 11,Ciências Econômicas - Noturno - Manaus,2022
 2, 103, 7,Ciências Econômicas - Noturno - Manaus,2022
 3, 119, 4,Ciências Econômicas - Noturno - Manaus,2022
 8, 1, 2,Ciências Econômicas - Noturno - Manaus,2022
 9, 1, 6,Ciências Econômicas - Noturno - Manaus,2022
 1, 319, 8,Direito - Noturno - Carauari,2022
 2, 381, 5,Direito - Noturno - Carauari,2022
 3, 475, 3,Direito - Noturno - Carauari,2022
 8, 4, 3,Direito - Noturno - Carauari,2022
 9, 5, 5,Direito - Noturno - Carauari,2022
 1, 392, 8,Direito - Noturno - Manacapuru,2022
 2, 443, 5,Direito - Noturno - Manacapuru,2022
 3, 590, 3,Direito - Noturno - Manacapuru,2022
 8, 16, 3,Direito - Noturno - Manacapuru,2022
 9, 4, 5,Direito - Noturno - Manacapuru,2022
 1, 1029, 10,Direito - Noturno - Manaus,2022
 2, 1303, 7,Direito - Noturno - Manaus,2022
 3, 1605, 4,Direito - Noturno - Manaus,2022
 8, 56, 3,Direito - Noturno - Manaus,2022
 9, 24, 6,Direito - Noturno - Manaus,2022
 1, 399, 8,Direito - Noturno - Manicoré,2022
 2, 425, 5,Direito - Noturno - Manicoré,2022
 3, 550, 3,Direito - Noturno - Manicoré,2022
 8, 34, 3,Direito - Noturno - Manicoré,2022
 9, 2, 5,Direito - Noturno - Manicoré,2022
 1, 338, 8,Direito - Noturno - Maués,2022
 2, 372, 5,Direito - Noturno - Maués,2022
 3, 472, 3,Direito - Noturno - Maués,2022
 8, 10, 3,Direito - Noturno - Maués,2022
 9, 2, 5,Direito - Noturno - Maués,2022
 1, 883, 10,Direito - Vespertino - Manaus,2022
 2, 1201, 7,Direito - Vespertino - Manaus,2022
 3, 1325, 4,Direito - Vespertino - Manaus,2022
 8, 64, 3,Direito - Vespertino - Manaus,2022
 9, 10, 6,Direito - Vespertino - Manaus,2022
 4, 477, 21,Enfermagem - Integral - Manaus,2022
 5, 1172, 10,Enfermagem - Integral - Manaus,2022
 6, 1343, 7,Enfermagem - Integral - Manaus,2022
 7, 1414, 4,Enfermagem - Integral - Manaus,2022
 8, 159, 6,Enfermagem - Integral - Manaus,2022
 9, 5, 12,Enfermagem - Integral - Manaus,2022
 1, 207, 8,Engenharia Civil - Integral - Manaus,2022
 2, 250, 5,Engenharia Civil - Integral - Manaus,2022
 3, 268, 3,Engenharia Civil - Integral - Manaus,2022
 8, 14, 1,Engenharia Civil - Integral - Manaus,2022
 9, 0, 4,Engenharia Civil - Integral - Manaus,2022
 1, 674, 9,Engenharia da Computação - Integral - Manaus,2022
 2, 934, 6,Engenharia da Computação - Integral - Manaus,2022
 3, 982, 3,Engenharia da Computação - Integral - Manaus,2022
 8, 23, 1,Engenharia da Computação - Integral - Manaus,2022
 9, 11, 5,Engenharia da Computação - Integral - Manaus,2022
 1, 73, 11,Engenharia da Produção - Integral - Manaus,2022
 2, 98, 7,Engenharia da Produção - Integral - Manaus,2022
 3, 105, 4,Engenharia da Produção - Integral - Manaus,2022
 8, 6, 2,Engenharia da Produção - Integral - Manaus,2022
 9, 0, 6,Engenharia da Produção - Integral - Manaus,2022
 1, 71, 10,Engenharia de Controle e Automação - Integral - Manaus,2022
 2, 109, 7,Engenharia de Controle e Automação - Integral - Manaus,2022
 3, 115, 4,Engenharia de Controle e Automação - Integral - Manaus,2022
 8, 0, 1,Engenharia de Controle e Automação - Integral - Manaus,2022
 9, 0, 5,Engenharia de Controle e Automação - Integral - Manaus,2022
 1, 50, 9,Engenharia de Materiais - Noturno - Manaus,2022
 2, 71, 6,Engenharia de Materiais - Noturno - Manaus,2022
 3, 79, 3,Engenharia de Materiais - Noturno - Manaus,2022
 8, 1, 1,Engenharia de Materiais - Noturno - Manaus,2022
 9, 2, 5,Engenharia de Materiais - Noturno - Manaus,2022
 1, 108, 11,Engenharia Elétrica - Integral - Manaus,2022
 2, 152, 7,Engenharia Elétrica - Integral - Manaus,2022
 3, 163, 4,Engenharia Elétrica - Integral - Manaus,2022
 8, 7, 2,Engenharia Elétrica - Integral - Manaus,2022
 9, 1, 6,Engenharia Elétrica - Integral - Manaus,2022
 1, 171, 9,Engenharia Eletrônica - Noturno - Manaus,2022
 2, 219, 6,Engenharia Eletrônica - Noturno - Manaus,2022
 3, 243, 3,Engenharia Eletrônica - Noturno - Manaus,2022
 8, 3, 1,Engenharia Eletrônica - Noturno - Manaus,2022
 9, 2, 5,Engenharia Eletrônica - Noturno - Manaus,2022
 1, 78, 8,Engenharia Florestal - Integral - Itacoatiara,2022
 2, 82, 5,Engenharia Florestal - Integral - Itacoatiara,2022
 3, 85, 3,Engenharia Florestal - Integral - Itacoatiara,2022
 8, 6, 3,Engenharia Florestal - Integral - Itacoatiara,2022
 9, 0, 5,Engenharia Florestal - Integral - Itacoatiara,2022
 1, 174, 11,Engenharia Mecânica - Integral - Manaus,2022
 2, 205, 7,Engenharia Mecânica - Integral - Manaus,2022
 3, 219, 4,Engenharia Mecânica - Integral - Manaus,2022
 8, 7, 2,Engenharia Mecânica - Integral - Manaus,2022
 9, 1, 6,Engenharia Mecânica - Integral - Manaus,2022
 1, 86, 9,Engenharia Naval - Integral - Manaus,2022
 2, 109, 6,Engenharia Naval - Integral - Manaus,2022
 3, 117, 3,Engenharia Naval - Integral - Manaus,2022
 8, 3, 1,Engenharia Naval - Integral - Manaus,2022
 9, 0, 5,Engenharia Naval - Integral - Manaus,2022
 1, 101, 11,Engenharia Química - Integral - Manaus,2022
 2, 133, 7,Engenharia Química - Integral - Manaus,2022
 3, 138, 4,Engenharia Química - Integral - Manaus,2022
 8, 4, 2,Engenharia Química - Integral - Manaus,2022
 9, 1, 6,Engenharia Química - Integral - Manaus,2022
 1, 204, 5,Licenciatura em Ciências Biológicas - Matutino - Manaus,2022
 2, 254, 4,Licenciatura em Ciências Biológicas - Matutino - Manaus,2022
 3, 264, 2,Licenciatura em Ciências Biológicas - Matutino - Manaus,2022
 8, 11, 1,Licenciatura em Ciências Biológicas - Matutino - Manaus,2022
 9, 3, 3,Licenciatura em Ciências Biológicas - Matutino - Manaus,2022
 1, 137, 10,Licenciatura em Ciências Biológicas - Matutino - Novo Aripuanã,2022
 2, 146, 7,Licenciatura em Ciências Biológicas - Matutino - Novo Aripuanã,2022
 3, 164, 4,Licenciatura em Ciências Biológicas - Matutino - Novo Aripuanã,2022
 8, 1, 1,Licenciatura em Ciências Biológicas - Matutino - Novo Aripuanã,2022
 9, 0, 5,Licenciatura em Ciências Biológicas - Matutino - Novo Aripuanã,2022
 1, 102, 5,Licenciatura em Ciências Biológicas - Vespertino - Manaus,2022
 2, 117, 4,Licenciatura em Ciências Biológicas - Vespertino - Manaus,2022
 3, 124, 2,Licenciatura em Ciências Biológicas - Vespertino - Manaus,2022
 8, 4, 1,Licenciatura em Ciências Biológicas - Vespertino - Manaus,2022
 9, 1, 3,Licenciatura em Ciências Biológicas - Vespertino - Manaus,2022
 1, 106, 6,Licenciatura em Ciências Biológicas - Vespertino - Tefé,2022
 2, 127, 4,Licenciatura em Ciências Biológicas - Vespertino - Tefé,2022
 3, 128, 3,Licenciatura em Ciências Biológicas - Vespertino - Tefé,2022
 8, 6, 1,Licenciatura em Ciências Biológicas - Vespertino - Tefé,2022
 9, 0, 4,Licenciatura em Ciências Biológicas - Vespertino - Tefé,2022
 1, 115, 8,Licenciatura em Computação - Noturno - Itacoatiara,2022
 2, 121, 5,Licenciatura em Computação - Noturno - Itacoatiara,2022
 3, 127, 3,Licenciatura em Computação - Noturno - Itacoatiara,2022
 8, 3, 3,Licenciatura em Computação - Noturno - Itacoatiara,2022
 9, 0, 5,Licenciatura em Computação - Noturno - Itacoatiara,2022
 1, 93, 8,Licenciatura em Computação - Vespertino - Manaus,2022
 2, 114, 5,Licenciatura em Computação - Vespertino - Manaus,2022
 3, 124, 3,Licenciatura em Computação - Vespertino - Manaus,2022
 8, 10, 3,Licenciatura em Computação - Vespertino - Manaus,2022
 9, 4, 5,Licenciatura em Computação - Vespertino - Manaus,2022
 1, 16, 4,Licenciatura em Dança - Noturno - Manaus,2022
 2, 18, 3,Licenciatura em Dança - Noturno - Manaus,2022
 3, 21, 2,Licenciatura em Dança - Noturno - Manaus,2022
 8, 0, 1,Licenciatura em Dança - Noturno - Manaus,2022
 9, 0, 2,Licenciatura em Dança - Noturno - Manaus,2022
 1, 18, 4,Licenciatura em Dança - Vespertino - Manaus,2022
 2, 23, 3,Licenciatura em Dança - Vespertino - Manaus,2022
 3, 24, 2,Licenciatura em Dança - Vespertino - Manaus,2022
 8, 0, 1,Licenciatura em Dança - Vespertino - Manaus,2022
 9, 1, 2,Licenciatura em Dança - Vespertino - Manaus,2022
 4, 75, 9,Licenciatura em Educação Física - Vespertino - Manaus,2022
 5, 296, 4,Licenciatura em Educação Física - Vespertino - Manaus,2022
 6, 337, 3,Licenciatura em Educação Física - Vespertino - Manaus,2022
 7, 358, 2,Licenciatura em Educação Física - Vespertino - Manaus,2022
 8, 28, 1,Licenciatura em Educação Física - Vespertino - Manaus,2022
 9, 1, 5,Licenciatura em Educação Física - Vespertino - Manaus,2022
 1, 61, 9,Licenciatura em Física - Noturno - Parintins,2022
 2, 65, 6,Licenciatura em Física - Noturno - Parintins,2022
 3, 67, 3,Licenciatura em Física - Noturno - Parintins,2022
 8, 1, 1,Licenciatura em Física - Noturno - Parintins,2022
 9, 0, 5,Licenciatura em Física - Noturno - Parintins,2022
 1, 64, 9,Licenciatura em Geografia - Matutino - Manaus,2022
 2, 80, 6,Licenciatura em Geografia - Matutino - Manaus,2022
 3, 89, 3,Licenciatura em Geografia - Matutino - Manaus,2022
 8, 2, 1,Licenciatura em Geografia - Matutino - Manaus,2022
 9, 2, 5,Licenciatura em Geografia - Matutino - Manaus,2022
 1, 140, 10,Licenciatura em Geografia - Noturno - Boa Vista do Ramos,2022
 2, 157, 7,Licenciatura em Geografia - Noturno - Boa Vista do Ramos,2022
 3, 170, 4,Licenciatura em Geografia - Noturno - Boa Vista do Ramos,2022
 8, 5, 1,Licenciatura em Geografia - Noturno - Boa Vista do Ramos,2022
 9, 0, 5,Licenciatura em Geografia - Noturno - Boa Vista do Ramos,2022
 1, 59, 9,Licenciatura em Geografia - Noturno - Manaus,2022
 2, 67, 6,Licenciatura em Geografia - Noturno - Manaus,2022
 3, 85, 3,Licenciatura em Geografia - Noturno - Manaus,2022
 8, 1, 1,Licenciatura em Geografia - Noturno - Manaus,2022
 9, 2, 5,Licenciatura em Geografia - Noturno - Manaus,2022
 1, 169, 10,Licenciatura em Geografia - Noturno - São Sebastião do Uatumã,2022
 2, 186, 7,Licenciatura em Geografia - Noturno - São Sebastião do Uatumã,2022
 3, 212, 4,Licenciatura em Geografia - Noturno - São Sebastião do Uatumã,2022
 8, 1, 1,Licenciatura em Geografia - Noturno - São Sebastião do Uatumã,2022
 9, 2, 5,Licenciatura em Geografia - Noturno - São Sebastião do Uatumã,2022
 1, 86, 9,Licenciatura em Geografia - Noturno - Tabatinga,2022
 2, 101, 6,Licenciatura em Geografia - Noturno - Tabatinga,2022
 3, 105, 3,Licenciatura em Geografia - Noturno - Tabatinga,2022
 8, 8, 1,Licenciatura em Geografia - Noturno - Tabatinga,2022
 9, 0, 5,Licenciatura em Geografia - Noturno - Tabatinga,2022
 1, 54, 9,Licenciatura em Geografia - Noturno - Tefé,2022
 2, 67, 6,Licenciatura em Geografia - Noturno - Tefé,2022
 3, 69, 3,Licenciatura em Geografia - Noturno - Tefé,2022
 8, 2, 1,Licenciatura em Geografia - Noturno - Tefé,2022
 9, 0, 5,Licenciatura em Geografia - Noturno - Tefé,2022
 1, 74, 9,Licenciatura em Geografia - Vespertino - Tabatinga,2022
 2, 78, 6,Licenciatura em Geografia - Vespertino - Tabatinga,2022
 3, 82, 3,Licenciatura em Geografia - Vespertino - Tabatinga,2022
 8, 22, 1,Licenciatura em Geografia - Vespertino - Tabatinga,2022
 9, 0, 5,Licenciatura em Geografia - Vespertino - Tabatinga,2022
 1, 89, 9,Licenciatura em História - Noturno - Tefé,2022
 2, 108, 6,Licenciatura em História - Noturno - Tefé,2022
 3, 111, 3,Licenciatura em História - Noturno - Tefé,2022
 8, 6, 1,Licenciatura em História - Noturno - Tefé,2022
 9, 0, 5,Licenciatura em História - Noturno - Tefé,2022
 1, 118, 9,Licenciatura em Letras - Língua Portuguesa - Noturno - Manaus,2022
 2, 134, 6,Licenciatura em Letras - Língua Portuguesa - Noturno - Manaus,2022
 3, 158, 3,Licenciatura em Letras - Língua Portuguesa - Noturno - Manaus,2022
 8, 5, 1,Licenciatura em Letras - Língua Portuguesa - Noturno - Manaus,2022
 9, 0, 5,Licenciatura em Letras - Língua Portuguesa - Noturno - Manaus,2022
 1, 87, 9,Licenciatura em Letras - Língua Portuguesa - Noturno - Tabatinga,2022
 2, 105, 6,Licenciatura em Letras - Língua Portuguesa - Noturno - Tabatinga,2022
 3, 115, 3,Licenciatura em Letras - Língua Portuguesa - Noturno - Tabatinga,2022
 8, 15, 1,Licenciatura em Letras - Língua Portuguesa - Noturno - Tabatinga,2022
 9, 2, 5,Licenciatura em Letras - Língua Portuguesa - Noturno - Tabatinga,2022
 1, 72, 9,Licenciatura em Letras - Língua Portuguesa - Noturno - Tefé,2022
 2, 83, 6,Licenciatura em Letras - Língua Portuguesa - Noturno - Tefé,2022
 3, 91, 3,Licenciatura em Letras - Língua Portuguesa - Noturno - Tefé,2022
 8, 1, 1,Licenciatura em Letras - Língua Portuguesa - Noturno - Tefé,2022
 9, 0, 5,Licenciatura em Letras - Língua Portuguesa - Noturno - Tefé,2022
 1, 140, 9,Licenciatura em Letras - Língua Portuguesa - Vespertino - Manaus,2022
 2, 170, 6,Licenciatura em Letras - Língua Portuguesa - Vespertino - Manaus,2022
 3, 185, 3,Licenciatura em Letras - Língua Portuguesa - Vespertino - Manaus,2022
 8, 5, 1,Licenciatura em Letras - Língua Portuguesa - Vespertino - Manaus,2022
 9, 2, 5,Licenciatura em Letras - Língua Portuguesa - Vespertino - Manaus,2022
 1, 179, 9,Licenciatura em Letras - Língua Portuguesa - Vespertino - Parintins,2022
 2, 187, 6,Licenciatura em Letras - Língua Portuguesa - Vespertino - Parintins,2022
 3, 196, 3,Licenciatura em Letras - Língua Portuguesa - Vespertino - Parintins,2022
 8, 4, 1,Licenciatura em Letras - Língua Portuguesa - Vespertino - Parintins,2022
 9, 1, 5,Licenciatura em Letras - Língua Portuguesa - Vespertino - Parintins,2022
 1, 54, 9,Licenciatura em Matemática - Matutino - Tabatinga,2022
 2, 56, 6,Licenciatura em Matemática - Matutino - Tabatinga,2022
 3, 57, 3,Licenciatura em Matemática - Matutino - Tabatinga,2022
 8, 14, 1,Licenciatura em Matemática - Matutino - Tabatinga,2022
 9, 1, 5,Licenciatura em Matemática - Matutino - Tabatinga,2022
 1, 92, 8,Licenciatura em Matemática - Noturno - Manaus,2022
 2, 108, 5,Licenciatura em Matemática - Noturno - Manaus,2022
 3, 120, 3,Licenciatura em Matemática - Noturno - Manaus,2022
 8, 2, 1,Licenciatura em Matemática - Noturno - Manaus,2022
 9, 0, 4,Licenciatura em Matemática - Noturno - Manaus,2022
 1, 115, 9,Licenciatura em Matemática - Noturno - Parintins,2022
 2, 120, 6,Licenciatura em Matemática - Noturno - Parintins,2022
 3, 129, 3,Licenciatura em Matemática - Noturno - Parintins,2022
 8, 2, 1,Licenciatura em Matemática - Noturno - Parintins,2022
 9, 0, 5,Licenciatura em Matemática - Noturno - Parintins,2022
 1, 58, 9,Licenciatura em Matemática - Noturno - Tabatinga,2022
 2, 71, 6,Licenciatura em Matemática - Noturno - Tabatinga,2022
 3, 73, 3,Licenciatura em Matemática - Noturno - Tabatinga,2022
 8, 5, 1,Licenciatura em Matemática - Noturno - Tabatinga,2022
 9, 0, 5,Licenciatura em Matemática - Noturno - Tabatinga,2022
 1, 48, 8,Licenciatura em Matemática - Vespertino - Manaus,2022
 2, 61, 5,Licenciatura em Matemática - Vespertino - Manaus,2022
 3, 63, 3,Licenciatura em Matemática - Vespertino - Manaus,2022
 8, 3, 1,Licenciatura em Matemática - Vespertino - Manaus,2022
 9, 1, 4,Licenciatura em Matemática - Vespertino - Manaus,2022
 1, 17, 2,Licenciatura em Música - Noturno - Manaus,2022
 2, 18, 1,Licenciatura em Música - Noturno - Manaus,2022
 3, 19, 1,Licenciatura em Música - Noturno - Manaus,2022
 9, 0, 1,Licenciatura em Música - Noturno - Manaus,2022
 1, 8, 1,Licenciatura em Música - Vespertino - Manaus,2022
 2, 13, 1,Licenciatura em Música - Vespertino - Manaus,2022
 3, 17, 1,Licenciatura em Música - Vespertino - Manaus,2022
 9, 0, 1,Licenciatura em Música - Vespertino - Manaus,2022
 1, 291, 9,Licenciatura em Pedagogia - Matutino - Manaus,2022
 2, 337, 6,Licenciatura em Pedagogia - Matutino - Manaus,2022
 3, 362, 3,Licenciatura em Pedagogia - Matutino - Manaus,2022
 8, 17, 1,Licenciatura em Pedagogia - Matutino - Manaus,2022
 9, 1, 5,Licenciatura em Pedagogia - Matutino - Manaus,2022
 1, 479, 9,Licenciatura em Pedagogia - Matutino - Tabatinga,2022
 2, 525, 6,Licenciatura em Pedagogia - Matutino - Tabatinga,2022
 3, 548, 3,Licenciatura em Pedagogia - Matutino - Tabatinga,2022
 8, 101, 1,Licenciatura em Pedagogia - Matutino - Tabatinga,2022
 9, 3, 5,Licenciatura em Pedagogia - Matutino - Tabatinga,2022
 1, 259, 9,Licenciatura em Pedagogia - Matutino - Tefé,2022
 2, 304, 6,Licenciatura em Pedagogia - Matutino - Tefé,2022
 3, 312, 3,Licenciatura em Pedagogia - Matutino - Tefé,2022
 8, 8, 1,Licenciatura em Pedagogia - Matutino - Tefé,2022
 9, 3, 5,Licenciatura em Pedagogia - Matutino - Tefé,2022
 1, 221, 9,Licenciatura em Pedagogia - Noturno - Manaus,2022
 2, 253, 6,Licenciatura em Pedagogia - Noturno - Manaus,2022
 3, 286, 3,Licenciatura em Pedagogia - Noturno - Manaus,2022
 8, 13, 1,Licenciatura em Pedagogia - Noturno - Manaus,2022
 9, 2, 5,Licenciatura em Pedagogia - Noturno - Manaus,2022
 1, 612, 10,Licenciatura em Pedagogia - Vespertino - Parintins,2022
 2, 648, 7,Licenciatura em Pedagogia - Vespertino - Parintins,2022
 3, 678, 4,Licenciatura em Pedagogia - Vespertino - Parintins,2022
 8, 4, 1,Licenciatura em Pedagogia - Vespertino - Parintins,2022
 9, 0, 5,Licenciatura em Pedagogia - Vespertino - Parintins,2022
 1, 97, 9,Licenciatura em Química - Noturno - Parintins,2022
 2, 104, 6,Licenciatura em Química - Noturno - Parintins,2022
 3, 108, 3,Licenciatura em Química - Noturno - Parintins,2022
 8, 2, 1,Licenciatura em Química - Noturno - Parintins,2022
 9, 2, 5,Licenciatura em Química - Noturno - Parintins,2022
 1, 43, 11,Licenciatura em Química - Noturno - Tefé,2022
 2, 47, 7,Licenciatura em Química - Noturno - Tefé,2022
 3, 49, 4,Licenciatura em Química - Noturno - Tefé,2022
 8, 4, 2,Licenciatura em Química - Noturno - Tefé,2022
 9, 0, 6,Licenciatura em Química - Noturno - Tefé,2022
 1, 11, 4,Licenciatura em Teatro - Integral - Manaus,2022
 2, 15, 3,Licenciatura em Teatro - Integral - Manaus,2022
 3, 16, 2,Licenciatura em Teatro - Integral - Manaus,2022
 8, 0, 1,Licenciatura em Teatro - Integral - Manaus,2022
 9, 0, 2,Licenciatura em Teatro - Integral - Manaus,2022
 4, 1287, 25,Medicina - Integral - Manaus,2022
 5, 2351, 12,Medicina - Integral - Manaus,2022
 6, 3461, 8,Medicina - Integral - Manaus,2022
 7, 4569, 5,Medicina - Integral - Manaus,2022
 8, 377, 7,Medicina - Integral - Manaus,2022
 9, 103, 15,Medicina - Integral - Manaus,2022
 1, 16, 9,Meteorologia - Integral - Manaus,2022
 2, 24, 6,Meteorologia - Integral - Manaus,2022
 3, 26, 3,Meteorologia - Integral - Manaus,2022
 8, 2, 1,Meteorologia - Integral - Manaus,2022
 9, 0, 5,Meteorologia - Integral - Manaus,2022
 4, 314, 21,Odontologia - Integral - Manaus,2022
 5, 581, 10,Odontologia - Integral - Manaus,2022
 6, 742, 7,Odontologia - Integral - Manaus,2022
 7, 787, 4,Odontologia - Integral - Manaus,2022
 8, 104, 6,Odontologia - Integral - Manaus,2022
 9, 6, 12,Odontologia - Integral - Manaus,2022
 1, 280, 9,Sistemas de Informação - Integral - Manaus,2022
 2, 406, 6,Sistemas de Informação - Integral - Manaus,2022
 3, 427, 3,Sistemas de Informação - Integral - Manaus,2022
 8, 5, 1,Sistemas de Informação - Integral - Manaus,2022
 9, 4, 5,Sistemas de Informação - Integral - Manaus,2022
 1, 21, 10,Tecnologia em Agrimensura - Matutino - Boca do Acre,2022
 2, 24, 7,Tecnologia em Agrimensura - Matutino - Boca do Acre,2022
 3, 27, 4,Tecnologia em Agrimensura - Matutino - Boca do Acre,2022
 8, 0, 1,Tecnologia em Agrimensura - Matutino - Boca do Acre,2022
 9, 1, 5,Tecnologia em Agrimensura - Matutino - Boca do Acre,2022
 1, 35, 10,Tecnologia em Agrimensura - Matutino - Coari,2022
 2, 38, 7,Tecnologia em Agrimensura - Matutino - Coari,2022
 3, 43, 4,Tecnologia em Agrimensura - Matutino - Coari,2022
 8, 0, 1,Tecnologia em Agrimensura - Matutino - Coari,2022
 9, 0, 5,Tecnologia em Agrimensura - Matutino - Coari,2022
 1, 16, 10,Tecnologia em Agrimensura - Matutino - Jutaí,2022
 2, 16, 7,Tecnologia em Agrimensura - Matutino - Jutaí,2022
 3, 21, 4,Tecnologia em Agrimensura - Matutino - Jutaí,2022
 8, 3, 1,Tecnologia em Agrimensura - Matutino - Jutaí,2022
 9, 0, 5,Tecnologia em Agrimensura - Matutino - Jutaí,2022
 1, 23, 10,Tecnologia em Agroecologia - Matutino - Apuí,2022
 2, 24, 7,Tecnologia em Agroecologia - Matutino - Apuí,2022
 3, 29, 4,Tecnologia em Agroecologia - Matutino - Apuí,2022
 8, 0, 1,Tecnologia em Agroecologia - Matutino - Apuí,2022
 9, 0, 5,Tecnologia em Agroecologia - Matutino - Apuí,2022
 1, 32, 10,Tecnologia em Agroecologia - Matutino - Presidente Figueiredo,2022
 2, 36, 7,Tecnologia em Agroecologia - Matutino - Presidente Figueiredo,2022
 3, 43, 4,Tecnologia em Agroecologia - Matutino - Presidente Figueiredo,2022
 8, 1, 1,Tecnologia em Agroecologia - Matutino - Presidente Figueiredo,2022
 9, 0, 5,Tecnologia em Agroecologia - Matutino - Presidente Figueiredo,2022
 1, 34, 10,Tecnologia em Alimentos - Noturno - Boa Vista do Ramos,2022
 2, 39, 7,Tecnologia em Alimentos - Noturno - Boa Vista do Ramos,2022
 3, 40, 4,Tecnologia em Alimentos - Noturno - Boa Vista do Ramos,2022
 8, 4, 1,Tecnologia em Alimentos - Noturno - Boa Vista do Ramos,2022
 9, 0, 5,Tecnologia em Alimentos - Noturno - Boa Vista do Ramos,2022
 1, 74, 10,Tecnologia em Alimentos - Noturno - Eirunepé,2022
 2, 80, 7,Tecnologia em Alimentos - Noturno - Eirunepé,2022
 3, 86, 4,Tecnologia em Alimentos - Noturno - Eirunepé,2022
 8, 0, 1,Tecnologia em Alimentos - Noturno - Eirunepé,2022
 9, 1, 5,Tecnologia em Alimentos - Noturno - Eirunepé,2022
 1, 115, 10,Tecnologia em Alimentos - Noturno - Manicoré,2022
 2, 126, 7,Tecnologia em Alimentos - Noturno - Manicoré,2022
 3, 139, 4,Tecnologia em Alimentos - Noturno - Manicoré,2022
 8, 6, 1,Tecnologia em Alimentos - Noturno - Manicoré,2022
 9, 0, 5,Tecnologia em Alimentos - Noturno - Manicoré,2022
 1, 3, 10,Tecnologia em Alimentos - Noturno - Rio Preto da Eva,2022
 2, 4, 7,Tecnologia em Alimentos - Noturno - Rio Preto da Eva,2022
 3, 4, 4,Tecnologia em Alimentos - Noturno - Rio Preto da Eva,2022
 8, 0, 1,Tecnologia em Alimentos - Noturno - Rio Preto da Eva,2022
 9, 0, 5,Tecnologia em Alimentos - Noturno - Rio Preto da Eva,2022
 1, 102, 10,Tecnologia em Gestão Ambiental - Noturno - Santo Antonio do Içá,2022
 2, 111, 7,Tecnologia em Gestão Ambiental - Noturno - Santo Antonio do Içá,2022
 3, 122, 4,Tecnologia em Gestão Ambiental - Noturno - Santo Antonio do Içá,2022
 8, 30, 1,Tecnologia em Gestão Ambiental - Noturno - Santo Antonio do Içá,2022
 9, 1, 5,Tecnologia em Gestão Ambiental - Noturno - Santo Antonio do Içá,2022
 1, 41, 10,Tecnologia em Gestão de Turismo - Matutino - Carauari,2022
 2, 48, 7,Tecnologia em Gestão de Turismo - Matutino - Carauari,2022
 3, 54, 4,Tecnologia em Gestão de Turismo - Matutino - Carauari,2022
 8, 0, 1,Tecnologia em Gestão de Turismo - Matutino - Carauari,2022
 9, 0, 5,Tecnologia em Gestão de Turismo - Matutino - Carauari,2022
 1, 41, 10,Tecnologia em Gestão de Turismo - Matutino - Manacapuru,2022
 2, 47, 7,Tecnologia em Gestão de Turismo - Matutino - Manacapuru,2022
 3, 50, 4,Tecnologia em Gestão de Turismo - Matutino - Manacapuru,2022
 8, 1, 1,Tecnologia em Gestão de Turismo - Matutino - Manacapuru,2022
 9, 0, 5,Tecnologia em Gestão de Turismo - Matutino - Manacapuru,2022
 1, 74, 10,Tecnologia em Gestão de Turismo - Matutino - Novo Airão,2022
 2, 80, 7,Tecnologia em Gestão de Turismo - Matutino - Novo Airão,2022
 3, 82, 4,Tecnologia em Gestão de Turismo - Matutino - Novo Airão,2022
 8, 8, 1,Tecnologia em Gestão de Turismo - Matutino - Novo Airão,2022
 9, 0, 5,Tecnologia em Gestão de Turismo - Matutino - Novo Airão,2022
 1, 7, 10,Tecnologia em Gestão de Turismo - Matutino - Rio Preto da Eva,2022
 2, 14, 7,Tecnologia em Gestão de Turismo - Matutino - Rio Preto da Eva,2022
 3, 14, 4,Tecnologia em Gestão de Turismo - Matutino - Rio Preto da Eva,2022
 8, 1, 1,Tecnologia em Gestão de Turismo - Matutino - Rio Preto da Eva,2022
 9, 0, 5,Tecnologia em Gestão de Turismo - Matutino - Rio Preto da Eva,2022
 1, 12, 10,Tecnologia em Produção Pesqueira - Vespertino - Barcelos,2022
 2, 13, 7,Tecnologia em Produção Pesqueira - Vespertino - Barcelos,2022
 3, 18, 4,Tecnologia em Produção Pesqueira - Vespertino - Barcelos,2022
 8, 2, 1,Tecnologia em Produção Pesqueira - Vespertino - Barcelos,2022
 9, 0, 5,Tecnologia em Produção Pesqueira - Vespertino - Barcelos,2022
 1, 13, 10,Tecnologia em Produção Pesqueira - Vespertino - Novo Airão,2022
 2, 15, 7,Tecnologia em Produção Pesqueira - Vespertino - Novo Airão,2022
 3, 16, 4,Tecnologia em Produção Pesqueira - Vespertino - Novo Airão,2022
 8, 1, 1,Tecnologia em Produção Pesqueira - Vespertino - Novo Airão,2022
 9, 0, 5,Tecnologia em Produção Pesqueira - Vespertino - Novo Airão,2022
 1, 6, 10,Tecnologia em Produção Pesqueira - Vespertino - Rio Preto da Eva,2022
 2, 6, 7,Tecnologia em Produção Pesqueira - Vespertino - Rio Preto da Eva,2022
 3, 6, 4,Tecnologia em Produção Pesqueira - Vespertino - Rio Preto da Eva,2022
 8, 0, 1,Tecnologia em Produção Pesqueira - Vespertino - Rio Preto da Eva,2022
 9, 0, 5,Tecnologia em Produção Pesqueira - Vespertino - Rio Preto da Eva,2022
